"","prediction","d.CMS1","d.CMS2","d.CMS3","d.CMS4","p.value","FDR"
"GSM1100477_COL_27.CEL","CMS4",0.724668747083788,0.722745980999531,0.695439679760472,0.63020030328221,0.001,0.00175358851674641
"GSM1100478_COL_28.CEL","CMS4",0.690878187454138,0.729636467388978,0.708730988588765,0.561654228979599,0.001,0.00175358851674641
"GSM1100479_COL_29.CEL","CMS4",0.767047432641813,0.715829584108331,0.704178631856759,0.661413986786993,0.001,0.00175358851674641
"GSM1100480_COL_30.CEL","CMS3",0.760475120458778,0.71475095155056,0.66704011650252,0.728593886846684,0.001,0.00175358851674641
"GSM1100481_COL_31.CEL","CMS4",0.720359897447098,0.730327045684352,0.709138593517808,0.525995606139496,0.001,0.00175358851674641
"GSM1100482_COL_32.CEL","CMS4",0.775569240400829,0.720799598397964,0.691516615105051,0.661288489796527,0.001,0.00175358851674641
"GSM215051.CEL",NA,0.682049082471958,0.682746316078162,0.634282308565768,0.699801286404584,0.0839160839160839,0.108484108484108
"GSM215052.CEL","CMS3",0.711183075247804,0.704141833910362,0.633637254469119,0.757124873381647,0.001,0.00175358851674641
"GSM215053.CEL","CMS3",0.701700724531467,0.687390489702923,0.632635845851368,0.739671885796275,0.001998001998002,0.00325452325452325
"GSM215054.CEL","CMS3",0.671922900627632,0.706706339199858,0.6318556220165,0.748547242296501,0.001,0.00175358851674641
"GSM215055.CEL","CMS3",0.70116157781757,0.690234489624353,0.616010836205105,0.704699381743479,0.001,0.00175358851674641
"GSM215056.CEL","CMS3",0.675676164055385,0.698925512744673,0.627351161887703,0.682831037874961,0.001998001998002,0.00325452325452325
"GSM215057.CEL","CMS3",0.688239123779625,0.729852483874542,0.633749611149503,0.668958516314309,0.001,0.00175358851674641
"GSM215058.CEL","CMS3",0.705499781306367,0.710229525998588,0.657732026483718,0.7008931179008,0.00599400599400599,0.00891198051441459
"GSM215059.CEL","CMS3",0.693031933178812,0.726564246346222,0.633317294621459,0.65417365511312,0.001,0.00175358851674641
"GSM215060.CEL","CMS3",0.707169421850193,0.695030174428175,0.635456127761546,0.705439305314231,0.001,0.00175358851674641
"GSM215061.CEL","CMS3",0.718333888513304,0.719903121597354,0.644802002428657,0.766423829243837,0.001,0.00175358851674641
"GSM215062.CEL",NA,0.685120976670822,0.713085381405204,0.680361992876355,0.720653167516923,0.041958041958042,0.0560204822499905
"GSM215063.CEL",NA,0.646422823365818,0.695628120640159,0.652462277214017,0.682807821895866,0.104895104895105,0.134185186541207
"GSM215064.CEL",NA,0.697899300768997,0.718915229305953,0.690204692318371,0.70601488919702,0.302697302697303,0.354436298525755
"GSM215065.CEL","CMS3",0.730509845358758,0.723419613392503,0.630566390702713,0.713278413406603,0.001,0.00175358851674641
"GSM215066.CEL","CMS3",0.739258428064801,0.713684457091038,0.636045747999084,0.744733276700155,0.001,0.00175358851674641
"GSM215067.CEL","CMS4",0.66308024138154,0.722695544010325,0.657255382976161,0.631207231036172,0.002997002997003,0.00473448964828275
"GSM215068.CEL","CMS3",0.71355742630862,0.693054935658257,0.631015558449624,0.709673265642139,0.001,0.00175358851674641
"GSM215069.CEL","CMS3",0.718664691318647,0.71876694268344,0.641050069217545,0.694743265496628,0.001,0.00175358851674641
"GSM215070.CEL","CMS3",0.713346578061008,0.717591216257011,0.656374376575227,0.729188653744669,0.012987012987013,0.0184844281931661
"GSM215071.CEL","CMS3",0.732889636069676,0.709745620072644,0.642668113284977,0.727348251853839,0.001998001998002,0.00325452325452325
"GSM215072.CEL",NA,0.694142142150676,0.705824464289393,0.684104412798469,0.695226921465552,0.274725274725275,0.325847291866709
"GSM215073.CEL","CMS3",0.720975240940768,0.719641250930395,0.640996203339858,0.702987588020792,0.001,0.00175358851674641
"GSM215074.CEL","CMS3",0.687612305309806,0.720517491700563,0.651045625334855,0.707386105384239,0.001998001998002,0.00325452325452325
"GSM215075.CEL","CMS3",0.722266371956088,0.702692384173264,0.638501627372759,0.730509032415482,0.001,0.00175358851674641
"GSM215076.CEL",NA,0.697640064988869,0.713982661756203,0.666726598703049,0.714359223372572,0.286713286713287,0.33842325146673
"GSM215077.CEL","CMS3",0.73241532121266,0.740940999807207,0.663544886842478,0.690800567432128,0.012987012987013,0.0184844281931661
"GSM215078.CEL",NA,0.761556675105342,0.740605584587772,0.679374553159631,0.725386900338629,0.261738261738262,0.311957960738449
"GSM215079.CEL","CMS3",0.730557146923861,0.712420292588899,0.62989728589921,0.791566068875149,0.001,0.00175358851674641
"GSM215080.CEL","CMS3",0.731013842235107,0.696759117922093,0.631650717642458,0.738899861106047,0.001,0.00175358851674641
"GSM215081.CEL","CMS3",0.712405501226408,0.693825827320501,0.662526682303652,0.742800278133777,0.00999000999000999,0.0144716943135915
"GSM215082.CEL","CMS3",0.684306533171554,0.705500749490844,0.654926255097365,0.711386367707281,0.01998001998002,0.0277374141010505
"GSM215083.CEL","CMS3",0.714334893743132,0.653894827393646,0.619359361245211,0.790495494089719,0.001,0.00175358851674641
"GSM215084.CEL","CMS1",0.596565810585536,0.730499316803191,0.623000053633336,0.805327231694562,0.001,0.00175358851674641
"GSM215085.CEL","CMS3",0.692663475364175,0.652951876288169,0.627646108225988,0.755164928583546,0.001998001998002,0.00325452325452325
"GSM215086.CEL",NA,0.697117249016162,0.68333567103085,0.653542154704175,0.822549224274323,0.125874125874126,0.158260264606748
"GSM215087.CEL","CMS3",0.707022396532064,0.671016770487739,0.627657908208036,0.797236926197329,0.001,0.00175358851674641
"GSM215088.CEL",NA,0.699824049868779,0.663893328234754,0.657986034780407,0.745828767369746,0.44955044955045,0.512473529580839
"GSM215089.CEL","CMS3",0.653603989399233,0.706076677035315,0.592465322163965,0.833292787705823,0.001,0.00175358851674641
"GSM215090.CEL","CMS3",0.617072478116588,0.693711163526383,0.593613242488576,0.803187162197161,0.001,0.00175358851674641
"GSM215091.CEL","CMS3",0.732074137076771,0.679490789161352,0.634039951697423,0.836828982014042,0.001,0.00175358851674641
"GSM215092.CEL","CMS3",0.634544232214278,0.726824953189604,0.605772951840826,0.819680058612248,0.001,0.00175358851674641
"GSM215093.CEL",NA,0.647286326616768,0.66372715603013,0.661474917606605,0.682544659925976,0.483516483516484,0.548634028510189
"GSM215094.CEL","CMS3",0.6779869914857,0.73072269985875,0.626843332004534,0.784581915876832,0.001,0.00175358851674641
"GSM215095.CEL","CMS1",0.670987601035301,0.720650819666586,0.674977220135654,0.853450285148954,0.001998001998002,0.00325452325452325
"GSM215096.CEL","CMS3",0.757450541654725,0.674135930262692,0.653412779332037,0.835885371784074,0.001,0.00175358851674641
"GSM215097.CEL","CMS3",0.722613597254789,0.696386748648546,0.630778655306318,0.827652615809068,0.001,0.00175358851674641
"GSM215098.CEL","CMS3",0.631054656383602,0.7032123880687,0.617492119879901,0.798461433180508,0.001,0.00175358851674641
"GSM215099.CEL","CMS3",0.72475639235853,0.666475625020488,0.624823367715247,0.836767337646855,0.001,0.00175358851674641
"GSM215100.CEL","CMS3",0.67995251554357,0.69378019164945,0.607149989618345,0.812580195810852,0.001998001998002,0.00325452325452325
"GSM215101.CEL","CMS3",0.604306070152441,0.713142631041763,0.599059017911718,0.769887527796328,0.001,0.00175358851674641
"GSM215102.CEL","CMS3",0.677775848243442,0.682761157362519,0.610766379098376,0.816414634819536,0.001,0.00175358851674641
"GSM215103.CEL","CMS2",0.753289362312544,0.639336091927892,0.653855411357694,0.799500368326294,0.001,0.00175358851674641
"GSM215104.CEL","CMS3",0.720645247129238,0.694513561160186,0.583915196252328,0.823528607273994,0.001,0.00175358851674641
"GSM215105.CEL","CMS3",0.755687997547137,0.702790534020603,0.620208922201029,0.868040636771135,0.001,0.00175358851674641
"GSM215106.CEL","CMS3",0.720349091640954,0.690547172047617,0.598296289038363,0.82628992403993,0.001,0.00175358851674641
"GSM215107.CEL","CMS3",0.688098310294209,0.695940436855759,0.625626572362933,0.826041915175543,0.001,0.00175358851674641
"GSM215108.CEL","CMS3",0.716831772264693,0.70193400907545,0.606293560147987,0.826223849312795,0.001,0.00175358851674641
"GSM215109.CEL","CMS3",0.718178306024884,0.692193899033168,0.640908272008331,0.784259784027004,0.015984015984016,0.0225313148390071
"GSM215110.CEL","CMS1",0.626527985647423,0.746721883136275,0.653158781092013,0.802439077840455,0.004995004995005,0.00753361864472976
"GSM215111.CEL","CMS3",0.733782621643329,0.697446502938485,0.599261688748942,0.851792074290246,0.001,0.00175358851674641
"GSM215112.CEL","CMS3",0.67830861444256,0.656874972359138,0.651043115660649,0.752264781321295,0.001,0.00175358851674641
"GSM215113.CEL","CMS3",0.685848321557575,0.735570661782354,0.567613570971929,0.837460735670387,0.001,0.00175358851674641
"GSM215114.CEL","CMS3",0.700717521769694,0.683246022635204,0.637153151589786,0.799535132253236,0.001,0.00175358851674641
"GSM237914.CEL","CMS2",0.715583183753764,0.636290967627369,0.746297757299741,0.72988640389245,0.001998001998002,0.00325452325452325
"GSM237915.CEL",NA,0.746165601638101,0.682326031267959,0.769296165285074,0.73246291484663,0.618381618381618,0.689914347448594
"GSM237916.CEL","CMS4",0.692087431158432,0.712182934638577,0.683217081948768,0.63432672400459,0.010989010989011,0.0158250394006779
"GSM237917.CEL",NA,0.717006934319634,0.665025480985843,0.73866157503083,0.731904533547201,0.555444555444555,0.622539539970733
"GSM237918.CEL","CMS4",0.663148740779869,0.684227826016567,0.759135930621225,0.58206105399936,0.001,0.00175358851674641
"GSM237919.CEL","CMS2",0.757267661097833,0.609232401731561,0.761461315877024,0.672047329187449,0.001,0.00175358851674641
"GSM237920.CEL","CMS2",0.787526170022211,0.64428502265793,0.738722176177999,0.651016687490687,0.024975024975025,0.0342181183302679
"GSM237921.CEL","CMS2",0.780734877542345,0.61813609973695,0.770623470372858,0.751283650107993,0.001,0.00175358851674641
"GSM237922.CEL","CMS2",0.753756148925631,0.615006935268232,0.779415489624702,0.655081252150558,0.001,0.00175358851674641
"GSM237923.CEL","CMS3",0.669438203288508,0.77260665561219,0.651581482105593,0.818402183154144,0.004995004995005,0.00753361864472976
"GSM237924.CEL",NA,0.677803709726963,0.7022977688701,0.792382211120447,0.731398487256796,0.791208791208791,0.859194139194139
"GSM237925.CEL","CMS2",0.731842649641995,0.639977184789513,0.788168940383876,0.766546601504143,0.001998001998002,0.00325452325452325
"GSM237926.CEL","CMS4",0.712978586120842,0.642955405680076,0.764482807379156,0.638584687283778,0.001,0.00175358851674641
"GSM237927.CEL","CMS4",0.626122993763656,0.697189251654204,0.73791797335587,0.534917067463759,0.001,0.00175358851674641
"GSM237928.CEL","CMS4",0.714548880292045,0.747787705389631,0.827615590184897,0.59511867961357,0.001,0.00175358851674641
"GSM237929.CEL","CMS4",0.765017587401604,0.624820189713698,0.800588426720146,0.587735115587021,0.001,0.00175358851674641
"GSM237930.CEL","CMS2",0.727430923638517,0.616465086213761,0.726124671028716,0.666991800501239,0.001,0.00175358851674641
"GSM237931.CEL","CMS4",0.730941571240833,0.622419199773303,0.786505562867817,0.616967652465261,0.001,0.00175358851674641
"GSM237932.CEL",NA,0.692285477323149,0.694377575809597,0.751709935834289,0.702034098316229,0.981018981018981,1
"GSM237933.CEL","CMS4",0.700455173578546,0.637492688785844,0.765757193129664,0.461274279354714,0.001,0.00175358851674641
"GSM237934.CEL","CMS2",0.776266889387451,0.598610672653459,0.729092984871151,0.762860850861447,0.001,0.00175358851674641
"GSM237935.CEL","CMS4",0.769224524314582,0.631403358073974,0.75305604197879,0.618183965863742,0.001,0.00175358851674641
"GSM237936.CEL","CMS4",0.665044947528996,0.679960357872837,0.779474547973131,0.62530831483358,0.002997002997003,0.00473448964828275
"GSM237937.CEL","CMS2",0.69982082159591,0.635903851283976,0.758982381288274,0.652576979762136,0.001998001998002,0.00325452325452325
"GSM237938.CEL","CMS4",0.757789699041108,0.623372424257773,0.795134711538322,0.599039100062699,0.001,0.00175358851674641
"GSM237939.CEL","CMS2",0.758827708588957,0.61935102981952,0.776252457834787,0.706307937980934,0.001998001998002,0.00325452325452325
"GSM237940.CEL","CMS2",0.698898446075328,0.613316893471132,0.741246264743222,0.734048839801868,0.001,0.00175358851674641
"GSM237941.CEL","CMS3",0.698456769749958,0.74421181762365,0.628754320681637,0.641936940285033,0.001,0.00175358851674641
"GSM237942.CEL","CMS4",0.685394617873059,0.644411712888876,0.76024082310614,0.5315831623262,0.001,0.00175358851674641
"GSM237943.CEL","CMS2",0.745662662650448,0.606397758289465,0.768228847184513,0.773524943114785,0.001998001998002,0.00325452325452325
"GSM237944.CEL",NA,0.691127795808138,0.692710163846975,0.710778665446729,0.806605021296113,0.643356643356643,0.713434825386414
"GSM237945.CEL","CMS4",0.753373417009584,0.655194197204878,0.753878754977031,0.650363654853329,0.00599400599400599,0.00891198051441459
"GSM237946.CEL",NA,0.680834680409317,0.693157098149109,0.763020435959885,0.751406766528776,0.966033966033966,1
"GSM237947.CEL","CMS2",0.748709208341883,0.637584283919208,0.744929260224392,0.693451124720185,0.001,0.00175358851674641
"GSM237948.CEL",NA,0.736258641284254,0.674959816002733,0.715979327293367,0.815522505772848,0.460539460539461,0.523372751279728
"GSM237949.CEL","CMS4",0.637609157626156,0.706438066223363,0.756887296485591,0.624743934059099,0.001998001998002,0.00325452325452325
"GSM237950.CEL","CMS2",0.745892316937042,0.620127358920676,0.777955622348583,0.723580727262888,0.001,0.00175358851674641
"GSM237951.CEL",NA,0.730483237476161,0.68702612561681,0.70486994225234,0.757145573021457,1,1
"GSM237952.CEL","CMS4",0.717394518920123,0.698718532982847,0.607271523860285,0.60043306351873,0.001,0.00175358851674641
"GSM237953.CEL","CMS2",0.708580222927762,0.624906981777268,0.731962595178624,0.671638571263687,0.001,0.00175358851674641
"GSM237954.CEL","CMS4",0.687211522535579,0.675102962570488,0.760589121638397,0.607601021926138,0.001,0.00175358851674641
"GSM237955.CEL","CMS2",0.744888380116329,0.632504737187049,0.746300942445796,0.7753015035397,0.001,0.00175358851674641
"GSM237956.CEL","CMS4",0.741136625866455,0.679133680688945,0.797486484156573,0.582161974597866,0.001,0.00175358851674641
"GSM237957.CEL",NA,0.772674069344173,0.652010779152606,0.784571737022102,0.745439990628042,0.0709290709290709,0.0926755953493921
"GSM237958.CEL","CMS4",0.715574905538886,0.650601762163358,0.757861409665328,0.563070119969687,0.001,0.00175358851674641
"GSM237959.CEL",NA,0.704777003428937,0.717146702353112,0.814261790667903,0.680560164120963,0.244755244755245,0.293626177423231
"GSM237960.CEL","CMS4",0.697754534084792,0.665151727085397,0.765783237279042,0.545329420849177,0.001,0.00175358851674641
"GSM237961.CEL","CMS2",0.769153834348877,0.598001228142781,0.759062107632451,0.707384133209033,0.001,0.00175358851674641
"GSM237962.CEL","CMS2",0.752570608543319,0.622593312416272,0.744045355485939,0.674618088300347,0.001,0.00175358851674641
"GSM237963.CEL","CMS4",0.656589470918823,0.71690963596657,0.727448021662076,0.526067085551861,0.001,0.00175358851674641
"GSM237964.CEL","CMS2",0.759298912099519,0.632465516323336,0.791055527229476,0.682336435341744,0.001,0.00175358851674641
"GSM237965.CEL","CMS4",0.704030244354286,0.66901058075745,0.731962805665247,0.485506125649782,0.001,0.00175358851674641
"GSM237966.CEL","CMS4",0.67511661900079,0.67520093608124,0.786109718569948,0.59220320954597,0.001,0.00175358851674641
"GSM237967.CEL","CMS2",0.747114089735871,0.594403141540327,0.755137609609574,0.681351735690976,0.001,0.00175358851674641
"GSM237968.CEL","CMS4",0.689287594231901,0.692192827890802,0.759944464124865,0.50804711095492,0.001,0.00175358851674641
"GSM237969.CEL","CMS4",0.763556755394276,0.621840379848234,0.775247242539633,0.578268074943099,0.001,0.00175358851674641
"GSM237970.CEL","CMS2",0.791418128495654,0.608918729210717,0.744085471814949,0.673105334089399,0.001,0.00175358851674641
"GSM237971.CEL",NA,0.687218289142415,0.651470037737466,0.757650903644323,0.701381096673786,0.175824175824176,0.216240135703223
"GSM237972.CEL","CMS4",0.752387783604353,0.674989456009999,0.777078370562547,0.620720077748208,0.001,0.00175358851674641
"GSM237973.CEL","CMS2",0.745195405733923,0.620410590202926,0.722724457305836,0.713317102038111,0.001,0.00175358851674641
"GSM237974.CEL",NA,0.756114360022461,0.663231333027507,0.736011698747937,0.813197703764369,0.0729270729270729,0.0951166271450969
"GSM237975.CEL","CMS2",0.712884973522328,0.654051724338338,0.737983652611988,0.672653331734184,0.001998001998002,0.00325452325452325
"GSM237976.CEL","CMS4",0.66607197860803,0.766399785840936,0.608312265997181,0.592419972175032,0.001,0.00175358851674641
"GSM237977.CEL","CMS2",0.72409226589434,0.621285140593397,0.729532413872201,0.724526618672372,0.02997002997003,0.0406063437486728
"GSM237978.CEL","CMS2",0.728172503850956,0.614293867683651,0.799887929419298,0.704325963424613,0.001,0.00175358851674641
"GSM237979.CEL",NA,0.732537303530105,0.660314430353908,0.750782515470774,0.808772733120022,0.194805194805195,0.237196358458817
"GSM237980.CEL",NA,0.706822375558706,0.680531874796553,0.714295735030568,0.717432116360984,0.814185814185814,0.880233335985548
"GSM237981.CEL","CMS2",0.782309986378754,0.633310720366171,0.757293899856305,0.731685419979429,0.001,0.00175358851674641
"GSM237982.CEL","CMS4",0.708835706995191,0.6972248960252,0.69540444166298,0.452608695250575,0.001,0.00175358851674641
"GSM237983.CEL","CMS1",0.550616411072833,0.818442198781929,0.701697190349569,0.730368599738091,0.001,0.00175358851674641
"GSM237984.CEL",NA,0.734810047336298,0.69817057625663,0.671457812789686,0.670913914503355,0.250749250749251,0.299835564109626
"GSM237985.CEL","CMS3",0.724262127426611,0.694165840532491,0.641488061850263,0.72720409435225,0.003996003996004,0.00617947453390491
"GSM237986.CEL",NA,0.741945586805565,0.702299725447427,0.67468933068176,0.68828026236087,0.172827172827173,0.21291145828961
"GSM237987.CEL",NA,0.72728945129503,0.684818861501306,0.677636840029513,0.755337586253774,0.977022977022977,1
"GSM237988.CEL",NA,0.708549141261683,0.688843235177914,0.698289021160427,0.764360393378354,0.975024975024975,1
"GSM237989.CEL","CMS4",0.699044514910335,0.680379028377237,0.673651207245971,0.654263130373512,0.016983016983017,0.0238935728379106
"GSM237990.CEL",NA,0.713317131173353,0.705706062152051,0.687539214847648,0.779702671737991,0.817182817182817,0.882172319580272
"GSM237991.CEL",NA,0.72323084557089,0.691865831825771,0.688426836399244,0.743490498619118,0.72027972027972,0.791551776559273
"GSM237992.CEL",NA,0.717994499221148,0.702747981961857,0.664888855431432,0.711778603087742,0.143856143856144,0.179026406530651
"GSM237993.CEL","CMS3",0.752312787883839,0.722998158159134,0.665663922963305,0.717656520066145,0.002997002997003,0.00473448964828275
"GSM237994.CEL",NA,0.694046893795426,0.709715613023953,0.690731010839765,0.754762066573079,0.635364635364635,0.705639814730724
"GSM237995.CEL",NA,0.71653870639965,0.698305418100117,0.664776103021384,0.717614841683969,0.258741258741259,0.308888180223685
"GSM400174.CEL",NA,0.72100194861612,0.715822480663656,0.669699269222814,0.729797480177736,0.82017982017982,0.884105600282071
"GSM400175.CEL",NA,0.714738895786278,0.733256980057095,0.706400255243368,0.713062204410883,1,1
"GSM400176.CEL",NA,0.717348452110606,0.727623423380069,0.702931245967366,0.725181362850505,1,1
"GSM400177.CEL",NA,0.71343398417215,0.733550079036872,0.698204185899976,0.743258590132572,0.999000999000999,1
"GSM400178.CEL",NA,0.704020594843703,0.710452032939163,0.657128520234463,0.79968602259227,0.504495504495505,0.569792303228359
"GSM400179.CEL",NA,0.742282719886494,0.713306313457849,0.667674837654839,0.777907607613055,0.629370629370629,0.700043507327271
"GSM400180.CEL",NA,0.743128835837789,0.652794086383609,0.759712021456087,0.836084628209113,0.043956043956044,0.058475100217387
"GSM400181.CEL",NA,0.727590278945089,0.702294682185185,0.779501533245064,0.7577108171669,0.247752247752248,0.296735943794767
"GSM400182.CEL",NA,0.757546432200278,0.681617935864775,0.751538470111499,0.812266633305345,0.991008991008991,1
"GSM400183.CEL",NA,0.771417260415519,0.691312296592181,0.774422556742863,0.779237862891107,0.423576423576424,0.483616072401119
"GSM400184.CEL",NA,0.784317473880428,0.685034937620072,0.787458690818755,0.837448426769674,0.108891108891109,0.138571497946498
"GSM400185.CEL","CMS2",0.791512686822197,0.640090003144067,0.781861902931834,0.783229193908372,0.001,0.00175358851674641
"GSM400186.CEL",NA,0.748711068997713,0.740401048203749,0.670458674040611,0.834511418556917,0.782217782217782,0.850690852174532
"GSM400187.CEL",NA,0.759604181699064,0.735951138137203,0.69255390684374,0.820348354476009,0.987012987012987,1
"GSM400188.CEL",NA,0.752543342834629,0.719442146238372,0.69349317149009,0.787681902661682,1,1
"GSM400189.CEL",NA,0.762789594407899,0.737462597406913,0.698252853602175,0.833811788374086,1,1
"GSM400190.CEL",NA,0.793890417830987,0.770838133521727,0.714481329078338,0.850486421607407,0.826173826173826,0.889259052254647
"GSM400191.CEL",NA,0.752520634514355,0.726518792214566,0.680154383960771,0.793132991790269,0.996003996003996,1
"GSM452552.CEL",NA,0.787119165981914,0.689472522301884,0.780581337662602,0.775803610837123,0.144855144855145,0.179964103692917
"GSM452553.CEL",NA,0.804941378750124,0.668358414599268,0.755663017307677,0.825335723935415,0.038961038961039,0.0522092167430376
"GSM452554.CEL",NA,0.728452294130861,0.739536995767038,0.756713996856124,0.760572946399755,1,1
"GSM452555.CEL",NA,0.779719424422143,0.721573986306366,0.801696042491088,0.782322071511603,0.973026973026973,1
"GSM452556.CEL",NA,0.791102236066088,0.74101093916551,0.792123736641733,0.814971821473876,1,1
"GSM452557.CEL","CMS1",0.598893834612752,0.820509274246546,0.70719494642177,0.750797935802974,0.001,0.00175358851674641
"GSM452558.CEL",NA,0.777219743113298,0.699824552194182,0.699724383388595,0.792785082256565,0.165834165834166,0.20498557092149
"GSM452559.CEL",NA,0.752542033073486,0.671445935235036,0.778537781447313,0.709827013430691,0.04995004995005,0.0660891455115282
"GSM452560.CEL","CMS2",0.773769569294109,0.675719094192132,0.723549782536703,0.759709467318979,0.002997002997003,0.00473448964828275
"GSM452561.CEL","CMS2",0.773324822764727,0.670215591834522,0.758865644627422,0.708774874159445,0.00799200799200799,0.0116002809072116
"GSM452562.CEL",NA,0.71868475827124,0.724274974563605,0.730297994020095,0.833876570104148,0.996003996003996,1
"GSM452563.CEL","CMS3",0.712412844499629,0.787597280152833,0.663553442364011,0.806670535347308,0.00699300699300699,0.0102722928374231
"GSM452564.CEL","CMS1",0.571338132246523,0.811478967629534,0.745411740724696,0.740010830004288,0.001,0.00175358851674641
"GSM452565.CEL","CMS2",0.7742005211407,0.666208426369592,0.745028251748698,0.834078375079778,0.031968031968032,0.0431538995074907
"GSM452566.CEL",NA,0.737670482232997,0.700154699384919,0.768786373557599,0.782320657316425,0.867132867132867,0.927895462202032
"GSM452567.CEL",NA,0.765675704809221,0.719744836509856,0.729149466868144,0.797031883538139,0.932067932067932,0.988720396824594
"GSM452568.CEL","CMS2",0.798249721773194,0.622155714410641,0.772195442916943,0.776112361004699,0.001,0.00175358851674641
"GSM452569.CEL",NA,0.711194399952029,0.681012982608427,0.70796242779583,0.782399149904688,0.361638361638362,0.416793897925973
"GSM452570.CEL","CMS1",0.603935171090665,0.771676073730362,0.745480755215704,0.78342798301973,0.001,0.00175358851674641
"GSM452571.CEL","CMS2",0.750526089811868,0.636104168518008,0.780322655405532,0.686512584420483,0.001,0.00175358851674641
"GSM452572.CEL","CMS2",0.782427413982867,0.672470326564906,0.772568575306113,0.815254178624779,0.010989010989011,0.0158250394006779
"GSM452573.CEL","CMS2",0.762724713343376,0.66975899649379,0.768757710929489,0.716414590449335,0.004995004995005,0.00753361864472976
"GSM452574.CEL","CMS2",0.774218678868977,0.670580321130111,0.796841116738671,0.75784326554119,0.017982017982018,0.0251542350778992
"GSM452575.CEL",NA,0.764054276384877,0.688602385802597,0.699314289535718,0.81973227318495,0.398601398601399,0.457237598082668
"GSM452576.CEL","CMS1",0.579161828909114,0.796993576951172,0.697676249865225,0.746483897341504,0.001,0.00175358851674641
"GSM452577.CEL","CMS2",0.812759791624804,0.666642282250525,0.804813051657333,0.828100859479593,0.00599400599400599,0.00891198051441459
"GSM452578.CEL","CMS2",0.772785394434102,0.655405017559708,0.77787747364747,0.772602710937657,0.003996003996004,0.00617947453390491
"GSM452579.CEL","CMS2",0.798873247403731,0.657537126754366,0.81996532922339,0.803522376723592,0.001,0.00175358851674641
"GSM452580.CEL",NA,0.749190293004634,0.718499810187282,0.752140312236897,0.855434544574509,0.998001998001998,1
"GSM452581.CEL",NA,0.727040775757439,0.776713696321329,0.783004391293123,0.819013183301556,1,1
"GSM452582.CEL",NA,0.738266482797314,0.737425201273116,0.737942744390244,0.760722481745752,1,1
"GSM452583.CEL","CMS1",0.632056216296609,0.726255503545315,0.707588756848735,0.744826854557369,0.001,0.00175358851674641
"GSM452584.CEL",NA,0.749820465437715,0.708208078959327,0.750629753660234,0.848650383548123,0.871128871128871,0.930812627605631
"GSM452585.CEL","CMS2",0.714178325069756,0.621289201666736,0.696714445921498,0.802442307600869,0.001,0.00175358851674641
"GSM452586.CEL",NA,0.753869347837036,0.729564479829397,0.748932625908918,0.781570672630411,1,1
"GSM452587.CEL",NA,0.716796915985497,0.751602986806062,0.6883773672778,0.778647841214027,0.41958041958042,0.480550699300699
"GSM452588.CEL","CMS3",0.677080173356281,0.775735999209431,0.630998585515394,0.841165349319311,0.001,0.00175358851674641
"GSM452589.CEL",NA,0.787268943465435,0.697335551447568,0.777379575475987,0.811447161855621,0.326673326673327,0.379479474566638
"GSM452590.CEL",NA,0.716890812116759,0.694192363897759,0.728953634842398,0.779783495643703,0.492507492507492,0.557972166936618
"GSM452591.CEL",NA,0.76557708439395,0.692758432973481,0.748994851502573,0.81014696163018,0.313686313686314,0.366133866133866
"GSM452592.CEL","CMS1",0.662774511172107,0.773709377241159,0.7430184882474,0.700154124598667,0.003996003996004,0.00617947453390491
"GSM452593.CEL","CMS2",0.798318919299732,0.645067416548766,0.778136100935445,0.783253624019776,0.001,0.00175358851674641
"GSM452594.CEL",NA,0.769938380291059,0.689692210223433,0.803202778865258,0.783041219797045,0.554445554445554,0.622371502922805
"GSM452595.CEL","CMS2",0.778277185811765,0.647142762766922,0.794344866359353,0.808382112170963,0.001,0.00175358851674641
"GSM452596.CEL","CMS3",0.707018067549399,0.775048187421638,0.653419906060856,0.832088921802454,0.001998001998002,0.00325452325452325
"GSM452597.CEL","CMS2",0.796370634591832,0.656713157210865,0.793100821722233,0.783557049191088,0.003996003996004,0.00617947453390491
"GSM452598.CEL",NA,0.743231401471618,0.736426275950154,0.688428221604692,0.795520786245907,0.325674325674326,0.378919493205208
"GSM452599.CEL","CMS2",0.764150373028236,0.656119527590632,0.760690857442932,0.751182406137103,0.001,0.00175358851674641
"GSM452600.CEL","CMS2",0.802521877805379,0.675339830904773,0.753923946190666,0.809997660002453,0.023976023976024,0.0329726558619617
"GSM452601.CEL",NA,0.722512219590368,0.758812745415473,0.747744099619419,0.760115860999114,0.964035964035964,1
"GSM452602.CEL","CMS2",0.813822147509763,0.641944733540709,0.772256715750013,0.81045503051571,0.001,0.00175358851674641
"GSM452603.CEL","CMS2",0.764373784088677,0.670824889894645,0.795662812977603,0.785447380821787,0.004995004995005,0.00753361864472976
"GSM452604.CEL",NA,0.779485071980093,0.672608482689175,0.741169848480958,0.82382735219683,0.0869130869130869,0.112160726597346
"GSM452605.CEL",NA,0.77564949079998,0.693218331771705,0.772501118788594,0.801149695773522,0.521478521478521,0.587163988085647
"GSM452606.CEL",NA,0.791876022036168,0.704204455955083,0.743880440365389,0.753299569863701,0.648351648351648,0.71788785232894
"GSM452607.CEL","CMS2",0.744190336999839,0.633366071393772,0.755555753769406,0.745263650139354,0.001,0.00175358851674641
"GSM452608.CEL",NA,0.769464148880185,0.704118613499434,0.804886110636943,0.79690379664544,0.887112887112887,0.945136259089748
"GSM452609.CEL",NA,0.677695292141022,0.75864268713496,0.72704463886956,0.768998502995496,0.115884115884116,0.146706488675401
"GSM452610.CEL","CMS2",0.794194818451162,0.634526275413659,0.763687547298768,0.769664749235928,0.001,0.00175358851674641
"GSM452611.CEL",NA,0.733209815894477,0.725861938856777,0.739005062511966,0.813329578333633,0.998001998001998,1
"GSM452612.CEL","CMS2",0.764263291538239,0.610481240833932,0.741314849623379,0.810534176750405,0.001,0.00175358851674641
"GSM452613.CEL",NA,0.778927902678449,0.680738438622238,0.801775770987101,0.785430123109306,0.0969030969030969,0.124613982508719
"GSM452614.CEL","CMS2",0.801804682432118,0.667854321083194,0.78437355150243,0.772857108870168,0.022977022977023,0.0317178113788283
"GSM452615.CEL",NA,0.786683102337299,0.709953645048477,0.811990971154602,0.77241940127118,0.977022977022977,1
"GSM452616.CEL","CMS2",0.788620153825109,0.6503236408288,0.791912711997463,0.708467323719136,0.00699300699300699,0.0102722928374231
"GSM452617.CEL","CMS2",0.788170227895574,0.668417227595716,0.77834952402962,0.760796007309822,0.015984015984016,0.0225313148390071
"GSM452618.CEL","CMS2",0.788896564448816,0.616720819176726,0.781131793260003,0.785513529880546,0.001,0.00175358851674641
"GSM452619.CEL","CMS2",0.750780396587792,0.672343100552561,0.770693905232103,0.706998279297091,0.021978021978022,0.0303960190752644
"GSM452620.CEL",NA,0.733222334671432,0.6961500406825,0.782520332239675,0.800944876845125,0.997002997002997,1
"GSM452621.CEL",NA,0.778651274731984,0.677392953384599,0.787796252506917,0.806020466039781,0.040959040959041,0.0547864544214909
"GSM452622.CEL",NA,0.737724967176411,0.70802087248743,0.745887935181997,0.778712141149368,0.938061938061938,0.98898228208573
"GSM452623.CEL","CMS2",0.796001909036963,0.627039676231727,0.780486337795031,0.786350978875303,0.001,0.00175358851674641
"GSM452624.CEL","CMS2",0.803640191417683,0.651970267317851,0.779796658135691,0.759448675402213,0.001,0.00175358851674641
"GSM452625.CEL","CMS2",0.792410757265883,0.662945253374275,0.772803166405602,0.777289446280161,0.001998001998002,0.00325452325452325
"GSM452626.CEL","CMS2",0.780956904586652,0.674470213338937,0.776851753822982,0.782933514259238,0.018981018981019,0.0265011179296894
"GSM452627.CEL","CMS2",0.778407723739847,0.678545563854014,0.778972542558615,0.802020849415217,0.028971028971029,0.0393984494170023
"GSM452628.CEL",NA,0.695143054615645,0.730823399644357,0.763452044957482,0.713484504062239,0.693306693306693,0.765352117761756
"GSM452629.CEL",NA,0.683469431144547,0.721063230819573,0.696047972324488,0.723828069613762,0.999000999000999,1
"GSM452630.CEL",NA,0.730305023911276,0.706485925190699,0.700979541511849,0.74131728109977,0.992007992007992,1
"GSM452631.CEL",NA,0.699847168363271,0.689761692039048,0.672316770946884,0.718528072333072,0.85014985014985,0.912386295988053
"GSM452632.CEL",NA,0.673338817432326,0.714245018488086,0.65410721688154,0.76361590989592,0.137862137862138,0.172445302138135
"GSM452633.CEL","CMS3",0.751730073651966,0.730229634819439,0.664708670488514,0.808424825807707,0.012987012987013,0.0184844281931661
"GSM452634.CEL",NA,0.695151510453733,0.714381951958923,0.687617038691276,0.757978551601899,0.864135864135864,0.926040333935071
"GSM452635.CEL","CMS4",0.67968890125251,0.724016111648831,0.6487896472943,0.612266962629555,0.001,0.00175358851674641
"GSM452636.CEL","CMS3",0.718391951211986,0.735453508536971,0.651230025271544,0.780744594358742,0.004995004995005,0.00753361864472976
"GSM452637.CEL","CMS4",0.682163847559938,0.723038722182304,0.702767247949949,0.544368876151821,0.001,0.00175358851674641
"GSM452638.CEL",NA,0.701871653334287,0.724917766996545,0.672265410514916,0.674682225134366,0.2997002997003,0.351488511488512
"GSM452639.CEL","CMS4",0.710918035980125,0.773888914823148,0.775938469969459,0.512638947967033,0.001,0.00175358851674641
"GSM452640.CEL","CMS4",0.65405225539885,0.721266923199473,0.677787931659528,0.617666318682879,0.001,0.00175358851674641
"GSM452641.CEL",NA,0.7250691964191,0.713347792603786,0.676028101421577,0.684236868419518,0.717282717282717,0.789441789441789
"GSM452642.CEL",NA,0.690999047834612,0.729676993038175,0.6535443483016,0.79493254414327,0.0599400599400599,0.0785976099035133
"GSM452643.CEL",NA,0.724695741260449,0.724367009330667,0.671137230037096,0.766343650349298,0.324675324675325,0.378357731298908
"GSM452644.CEL",NA,0.727752461034319,0.726386329976734,0.668761781713542,0.807327990321065,0.111888111888112,0.14213862394105
"GSM452645.CEL","CMS3",0.684909139263728,0.719962736619322,0.608051026465923,0.721403542920625,0.001,0.00175358851674641
"GSM452646.CEL",NA,0.726100444448257,0.67295769947218,0.746623467147462,0.796392820491877,0.812187812187812,0.879370260463318
"GSM452647.CEL",NA,0.737644941624475,0.65188993395711,0.744120586506061,0.785224168921533,0.102897102897103,0.131859399341917
"GSM452648.CEL","CMS4",0.663497685392967,0.700469463852364,0.732773969494685,0.49809093951362,0.001,0.00175358851674641
"GSM452649.CEL","CMS2",0.77226857212341,0.645096969397819,0.781230072036169,0.723858570732496,0.002997002997003,0.00473448964828275
"GSM452650.CEL",NA,0.72513362298053,0.69313516016814,0.723866092029723,0.802272550229171,0.939060939060939,0.98898228208573
"GSM452651.CEL","CMS2",0.777246610703048,0.60859208100053,0.753634388290186,0.80039793172615,0.001,0.00175358851674641
"GSM452652.CEL",NA,0.698192136236735,0.667748992892122,0.744826128560493,0.757610145418072,0.0689310689310689,0.0902258455829884
"GSM452653.CEL","CMS2",0.752762250551906,0.582892083732281,0.75058633084639,0.800892781331442,0.001,0.00175358851674641
"GSM452654.CEL","CMS1",0.64051472200067,0.725750926045366,0.689364511933041,0.810343124627026,0.026973026973027,0.0368179306726793
"GSM452655.CEL",NA,0.7181011033668,0.675294466112798,0.762141510470934,0.684765481417881,0.122877122877123,0.1547576135205
"GSM452656.CEL","CMS2",0.755764005107074,0.636808064636459,0.788240224758557,0.788804287352401,0.001,0.00175358851674641
"GSM452657.CEL","CMS3",0.653927610772388,0.752631776066999,0.626533366491196,0.810716498256573,0.001,0.00175358851674641
"GSM452658.CEL","CMS4",0.700961713200665,0.686040721240219,0.717217629501516,0.647575360945535,0.002997002997003,0.00473448964828275
"GSM452659.CEL",NA,0.734782108125089,0.66459499698801,0.790153789520357,0.786575086313421,0.0839160839160839,0.108484108484108
"GSM452660.CEL","CMS1",0.62255957606348,0.696896738663467,0.69838212324203,0.799782803999975,0.001,0.00175358851674641
"GSM452661.CEL","CMS2",0.733318777211115,0.665708177966396,0.769992444231842,0.72669865940219,0.00799200799200799,0.0116002809072116
"GSM452662.CEL","CMS4",0.698194912817009,0.773242125598576,0.700832867356202,0.633724427637041,0.003996003996004,0.00617947453390491
"GSM523242_Microdys_11AN.CEL","CMS3",0.732892043304257,0.727856633499378,0.647671049953669,0.762299946240873,0.001,0.00175358851674641
"GSM523243_Microdys_13AN.CEL","CMS3",0.736363911635568,0.731516991291263,0.64259847696941,0.7717601539847,0.001998001998002,0.00325452325452325
"GSM523244_Microdys_19AA.CEL",NA,0.759281530583171,0.684584996614107,0.751024864776341,0.819967302663099,0.501498501498502,0.567281483948151
"GSM523245_Microdys_1EN.CEL","CMS3",0.751552703927466,0.719722800386987,0.638131654548412,0.843942812548201,0.001,0.00175358851674641
"GSM523246_Microdys_20AN.CEL","CMS3",0.721847049437165,0.737321847784626,0.663737201043215,0.758826180724831,0.00799200799200799,0.0116002809072116
"GSM523247_Microdys_21AA.CEL",NA,0.752800971842584,0.687682435604588,0.746252178052751,0.793457669232464,0.75024975024975,0.822022521574091
"GSM523248_Microdys_22AC.CEL",NA,0.76248175826318,0.688412225713216,0.759862246701583,0.698568432090114,0.194805194805195,0.237196358458817
"GSM523249_Microdys_24AC.CEL",NA,0.763539664443996,0.690932834613713,0.760954184873871,0.710202811930719,0.285714285714286,0.33778801843318
"GSM523250_Microdys_26AC.CEL",NA,0.761330139533058,0.696383001932514,0.765808955527984,0.714343994899172,0.37962037962038,0.436146925175138
"GSM523251_Microdys_27AA.CEL",NA,0.754239941209268,0.703588252537736,0.745275493029963,0.770890568915972,0.992007992007992,1
"GSM523252_Microdys_29AA.CEL",NA,0.771850671051066,0.677772809547111,0.736905505681643,0.781392327827107,0.181818181818182,0.223237399116796
"GSM523253_Microdys_30AC.CEL","CMS4",0.7620524700242,0.694839873383675,0.75936852343743,0.67674159272692,0.033966033966034,0.0455990895551335
"GSM523254_Microdys_31EA.CEL",NA,0.762762123771558,0.685778819484786,0.725018193488154,0.824042273460966,0.976023976023976,1
"GSM523255_Microdys_32EN.CEL",NA,0.736438710090489,0.718860207807256,0.666200968674355,0.857525768984608,0.0809190809190809,0.105166110485259
"GSM523256_Microdys_33EA.CEL",NA,0.788341066848635,0.669700840540604,0.741519044210156,0.855154578748471,0.0529470529470529,0.0698024996586148
"GSM523257_Microdys_34EC.CEL",NA,0.785536916203852,0.697788768589133,0.767703333030814,0.802403199048023,0.747252747252747,0.819964466671054
"GSM523258_Microdys_35EC.CEL",NA,0.775394966339001,0.67723167641012,0.756256502562735,0.80928268368342,0.0979020979020979,0.125678174714952
"GSM523259_Microdys_36EA.CEL",NA,0.782574816241177,0.67710009318308,0.721342765410697,0.866277222683116,0.231768231768232,0.278959136101993
"GSM523260_Microdys_37EN.CEL",NA,0.729636681215788,0.723570021450321,0.660395314760081,0.848485851440801,0.112887112887113,0.143159608557532
"GSM523261_Microdys_38EA.CEL",NA,0.783566519425127,0.675770246181254,0.721226509914637,0.863564213102255,0.337662337662338,0.391624198586224
"GSM523262_Microdys_39EC.CEL",NA,0.779491356313188,0.690819585427869,0.755900141816523,0.813702666263493,0.313686313686314,0.366133866133866
"GSM523263_Microdys_42EC.CEL",NA,0.788675882062769,0.676633316378619,0.752516889663281,0.823091229823202,0.045954045954046,0.061022311022311
"GSM523264_Microdys_49ENN.CEL",NA,0.779030747032835,0.713187541528825,0.683184584142016,0.849808061740556,0.584415584415584,0.653013145391194
"GSM523265_Microdys_50ENN.CEL",NA,0.785099839335366,0.733077470256805,0.708773992731642,0.862084015432393,0.974025974025974,1
"GSM523266_Microdys_51ENN.CEL",NA,0.782850186776546,0.7207522866163,0.679256401465194,0.86058393991373,0.191808191808192,0.23471686910752
"GSM523267_Microdys_52ENN.CEL",NA,0.777007814360606,0.724121204725155,0.690809425489464,0.855514863360093,0.76023976023976,0.831576768983624
"GSM523268_Microdys_54ANN.CEL",NA,0.754270029231091,0.738614535479819,0.707172060296693,0.737189064221817,0.935064935064935,0.98898228208573
"GSM523269_Microdys_55ANN.CEL",NA,0.749514664002145,0.736969520094111,0.708441718438228,0.751016931565923,0.934065934065934,0.98898228208573
"GSM523270_Microdys_56ANN.CEL",NA,0.765721463242684,0.732616408281857,0.712604438324976,0.747809075131512,0.921078921078921,0.979899635922858
"GSM523271_Microdys_58ANN.CEL",NA,0.766782798253565,0.726202532095862,0.711526346561426,0.755018280972994,0.877122877122877,0.9358530843247
"GSM523272_Microdys_6EN.CEL","CMS3",0.744170452471897,0.706902271894767,0.635483152799665,0.836966832081724,0.001,0.00175358851674641
"GSM523273_Microdys_9AN.CEL","CMS3",0.721558677448534,0.725782869069063,0.654433876796596,0.727522878210069,0.001998001998002,0.00325452325452325
"GSM523274_Microdys_23AN.CEL",NA,0.723088001165313,0.722569636304054,0.671672582554347,0.710626677004873,0.195804195804196,0.238017372345731
"GSM523275_Microdys_28AC.CEL",NA,0.74742257404457,0.69384474719999,0.777708350041108,0.684913527656062,0.0969030969030969,0.124613982508719
"GSM523276_Microdys_40EN.CEL",NA,0.724767737297744,0.723714601248245,0.662213251001306,0.838533038858631,0.244755244755245,0.293626177423231
"GSM523277_Microdys_41EA.CEL",NA,0.763197678787558,0.664027871805609,0.730780307091887,0.847803877567328,0.121878121878122,0.153763620200797
"GSM523278_Microdys_43EC.CEL",NA,0.768210094217361,0.697784968258538,0.767952580186805,0.779754310827477,0.715284715284715,0.788426610983002
"GSM523279_Microdys_53ENN.CEL",NA,0.791938699194938,0.719826047072114,0.699343026674844,0.869187774514181,0.666333666333666,0.736685637138126
"GSM523280_Microdys_59ANN.CEL",NA,0.767171587873901,0.730402248996827,0.719361599605537,0.756998548836018,0.988011988011988,1
"GSM523281_Microdys_64AA.CEL",NA,0.778982807302068,0.685379826576586,0.754088186715368,0.821149519087039,0.184815184815185,0.226537676370452
"GSM523282_ColonCa_Seria01_18A.CEL","CMS3",0.699787161814997,0.736025039127394,0.643101504382508,0.659216498776055,0.001,0.00175358851674641
"GSM523283_ColonCa_Seria01_18B1.CEL","CMS4",0.647977293064334,0.729800215783141,0.686752911520416,0.596259575055971,0.001,0.00175358851674641
"GSM523284_ColonCa_Seria01_24B1.CEL","CMS4",0.633353406231268,0.696823795492543,0.774063797562743,0.484905987334629,0.001,0.00175358851674641
"GSM523285_ColonCa_Seria01_42.6B2.CEL","CMS4",0.706467260102084,0.676377508680113,0.776724983326144,0.481744510002616,0.001,0.00175358851674641
"GSM523286_ColonCa_Seria01_8K.CEL",NA,0.745176156662558,0.695687813025823,0.652372371436358,0.718189843886412,0.197802197802198,0.24004803143876
"GSM523287_ColonCa_Seria01_P1.CEL","CMS3",0.689946008839519,0.678492492858664,0.602332450088197,0.662767269491242,0.001,0.00175358851674641
"GSM523288_ColonCa_Seria01_P5D.CEL",NA,0.735456759557807,0.702674243418671,0.684167285331388,0.776965172131473,0.366633366633367,0.421887374791613
"GSM523289_ColonCa_Seria02_11B1N_2.CEL","CMS4",0.68691358560309,0.764019507052587,0.734129614126339,0.531991549341087,0.001,0.00175358851674641
"GSM523290_ColonCa_Seria02_1K.CEL","CMS3",0.743890448086445,0.700804597219302,0.646975250926144,0.688293492087618,0.002997002997003,0.00473448964828275
"GSM523291_ColonCa_Seria02_27A.CEL","CMS3",0.715997150302019,0.722175215682768,0.664929536044037,0.677802413942452,0.001,0.00175358851674641
"GSM523292_ColonCa_Seria02_27B1.CEL","CMS1",0.630577235241962,0.75039481046893,0.655703621014719,0.691791333637742,0.001,0.00175358851674641
"GSM523293_ColonCa_Seria02_46BII6D.CEL","CMS3",0.686106574985952,0.674545136957436,0.63010286795603,0.707805718360879,0.001,0.00175358851674641
"GSM523294_ColonCa_Seria02_P2.CEL","CMS3",0.757285066306942,0.691602803178756,0.604825236284308,0.743597908604639,0.001,0.00175358851674641
"GSM523295_ColonCa_Seria02_P6.CEL","CMS3",0.65991389453257,0.73629123166907,0.596976564698465,0.771542904660385,0.001,0.00175358851674641
"GSM523296_ColonCa_Seria03_14B2.CEL","CMS4",0.705593104953218,0.703258679812328,0.627475801234756,0.574115759154267,0.001,0.00175358851674641
"GSM523297_ColonCa_Seria03_22A_2.CEL","CMS3",0.713489651256778,0.727576033869024,0.655878321713985,0.719799703627247,0.001,0.00175358851674641
"GSM523298_ColonCa_Seria03_22B1.CEL",NA,0.706042383180969,0.678924744529451,0.786691770846027,0.695440048781193,0.777222777222777,0.846514555281271
"GSM523299_ColonCa_Seria03_2K.CEL","CMS3",0.750855609661128,0.716429033623163,0.655697263026312,0.728097416345324,0.017982017982018,0.0251542350778992
"GSM523300_ColonCa_Seria03_P7.CEL","CMS3",0.689280462919499,0.719621441988074,0.584561658510111,0.771705438099307,0.001,0.00175358851674641
"GSM523301_ColonCa_Seria03_P8.CEL","CMS3",0.685940859830023,0.686594680519147,0.558703375379038,0.71382991303029,0.001,0.00175358851674641
"GSM523302_ColonCa_Seria03_P9A.CEL",NA,0.692251298212096,0.669130792147887,0.666014617639147,0.780990363108726,0.105894105894106,0.135227142195783
"GSM523303_ColonCa_Seria04_15B1.CEL","CMS4",0.690994579026121,0.739705237861845,0.70777323870498,0.562208819437064,0.001,0.00175358851674641
"GSM523304_ColonCa_Seria04_33A.CEL","CMS4",0.707125543535201,0.732462668840927,0.663716506695794,0.641189637846189,0.001,0.00175358851674641
"GSM523305_ColonCa_Seria04_33B2.CEL","CMS4",0.654681472895572,0.669136557974505,0.725675522087558,0.562840883757949,0.001,0.00175358851674641
"GSM523306_ColonCa_Seria04_45B1.CEL","CMS4",0.70096321767631,0.69090341204837,0.806170573949802,0.591924935581169,0.001,0.00175358851674641
"GSM523307_ColonCa_Seria04_P10.CEL","CMS3",0.669329940749564,0.716483189318604,0.611784665877319,0.776931736541832,0.001,0.00175358851674641
"GSM523308_ColonCa_Seria04_P4.CEL","CMS3",0.729463193269436,0.648710018343067,0.608291491187265,0.818852285295068,0.001,0.00175358851674641
"GSM523309_ColonCa_Seria04_P9BD.CEL","CMS2",0.723925981622493,0.648050566014495,0.698296246401843,0.762131475842553,0.002997002997003,0.00473448964828275
"GSM523310_ColonCa_Seria05_36B1N.CEL","CMS4",0.682657660763417,0.759964928954407,0.74245220017814,0.435506629516474,0.001,0.00175358851674641
"GSM523311_ColonCa_Seria05_41A.CEL","CMS3",0.753731328791266,0.711000657908656,0.655918014800766,0.688381865245453,0.001998001998002,0.00325452325452325
"GSM523312_ColonCa_Seria05_41B1.CEL","CMS4",0.643301603283879,0.737259076183575,0.706886994395675,0.581481322599072,0.001,0.00175358851674641
"GSM523313_ColonCa_Seria05_44B1.CEL",NA,0.714565553958114,0.676762341986097,0.708894074790357,0.726980474748611,0.923076923076923,0.980602006688963
"GSM523314_ColonCa_Seria05_5K.CEL",NA,0.708568446111032,0.696449415485451,0.671968971470918,0.738244482357965,0.0839160839160839,0.108484108484108
"GSM523315_ColonCa_Seria05_P13.CEL","CMS3",0.713510630091127,0.676973141984504,0.633112557493599,0.692182506895445,0.001,0.00175358851674641
"GSM523316_ColonCa_Seria06_15B2.CEL","CMS4",0.703926905092878,0.728346661911729,0.704300177562714,0.537561196273414,0.001,0.00175358851674641
"GSM523317_ColonCa_Seria06_30B1.CEL","CMS4",0.63432830286901,0.680761504121162,0.746537863069491,0.599186799758167,0.001,0.00175358851674641
"GSM523318_ColonCa_Seria06_3B1.CEL","CMS1",0.571780617595634,0.818393774414193,0.671834572687196,0.673121492650709,0.001,0.00175358851674641
"GSM523319_ColonCa_Seria06_P14.CEL","CMS3",0.628556284129379,0.697468705719672,0.597937736064808,0.712163651028393,0.001,0.00175358851674641
"GSM523320_ColonCa_Seria06_P15.CEL",NA,0.700405372241295,0.701083419770677,0.67948970453833,0.753052965749297,0.764235764235764,0.833608355929785
"GSM523321_ColonCa_Seria06_P19.CEL","CMS3",0.69255343165204,0.677332773891495,0.599710141075794,0.731828538097079,0.001,0.00175358851674641
"GSM523322_ColonCa_Seria06_P24.CEL",NA,0.6923159609818,0.681116965469779,0.641854546693711,0.779677571984928,0.0799200799200799,0.104052253252964
"GSM523323_ColonCa_Seria07_13B1.CEL","CMS4",0.668945723320519,0.748846796462308,0.763004591015243,0.44957674318324,0.001,0.00175358851674641
"GSM523324_ColonCa_Seria07_29A.CEL","CMS4",0.726690247866137,0.713155793338004,0.674165851471539,0.632821712380712,0.001,0.00175358851674641
"GSM523325_ColonCa_Seria07_29B1.CEL","CMS4",0.698693572720247,0.638446361388942,0.780709210122851,0.545772176518988,0.001,0.00175358851674641
"GSM523326_ColonCa_Seria07_40B2D.CEL","CMS2",0.681589490402713,0.64712904328968,0.698529499006843,0.656790121102024,0.012987012987013,0.0184844281931661
"GSM523327_ColonCa_Seria07_43P.CEL","CMS3",0.698530602907656,0.729265865959515,0.598858001742126,0.715719336727066,0.001,0.00175358851674641
"GSM523328_ColonCa_Seria07_50PD.CEL","CMS3",0.763696334418548,0.649431433774262,0.625744057180595,0.749095388717371,0.001,0.00175358851674641
"GSM523329_ColonCa_Seria07_P21.CEL","CMS3",0.610341979517635,0.754562380286791,0.599393359092008,0.80356511130736,0.001,0.00175358851674641
"GSM523330_ColonCa_Seria08_31A_2.CEL","CMS3",0.732291679381402,0.682081275024827,0.65942636066288,0.70459056085375,0.004995004995005,0.00753361864472976
"GSM523331_ColonCa_Seria08_31BI1_2.CEL","CMS1",0.607250358090567,0.7249180113779,0.6626810267852,0.649321341628553,0.001,0.00175358851674641
"GSM523332_ColonCa_Seria08_5B1_2.CEL","CMS1",0.558605203235548,0.723357092903438,0.68127049850232,0.613412900327644,0.001,0.00175358851674641
"GSM523333_ColonCa_Seria08_P16_2.CEL","CMS3",0.70872187828178,0.664510109809585,0.656385888963945,0.744558074721148,0.015984015984016,0.0225313148390071
"GSM523334_ColonCa_Seria08_P17_2.CEL","CMS3",0.73712224659648,0.713143532348942,0.608178976564611,0.785526027314736,0.001,0.00175358851674641
"GSM523335_ColonCa_Seria08_P18_2.CEL",NA,0.716280094314593,0.687274142925449,0.702261340111993,0.683095208696307,0.938061938061938,0.98898228208573
"GSM523336_ColonCa_Seria08_P25_2.CEL","CMS3",0.698388861029134,0.624308295483944,0.61606268158073,0.716546981104723,0.001,0.00175358851674641
"GSM523337_ColonCa_Seria09_38B1.CEL","CMS4",0.650400619763819,0.655917901178275,0.699521368296854,0.602292808207856,0.001,0.00175358851674641
"GSM523338_ColonCa_Seria09_9A.CEL","CMS4",0.693507316976385,0.707497687752951,0.642792112038351,0.572695284941599,0.001,0.00175358851674641
"GSM523339_ColonCa_Seria09_9B2.CEL","CMS4",0.667941199493902,0.698580825980829,0.744775113056858,0.476619428067657,0.001,0.00175358851674641
"GSM523340_ColonCa_Seria09_P20.CEL","CMS3",0.739946945969977,0.684186620769727,0.592367255300826,0.816897283014781,0.001,0.00175358851674641
"GSM523341_ColonCa_Seria09_P26.CEL","CMS3",0.681656688472963,0.695837271021365,0.608214482307524,0.711424955000241,0.001,0.00175358851674641
"GSM523342_ColonCa_Seria09_P29B.CEL","CMS3",0.643378251729017,0.708587332249279,0.587939472065613,0.753413260326056,0.001,0.00175358851674641
"GSM523343_ColonCa_Seria10_23A.CEL","CMS4",0.708246597564361,0.723286584235276,0.653408147810109,0.650399511769273,0.001,0.00175358851674641
"GSM523344_ColonCa_Seria10_23B1.CEL","CMS4",0.666818796677737,0.688943069641279,0.767965369010687,0.475964844777291,0.001,0.00175358851674641
"GSM523345_ColonCa_Seria10_433B1.CEL","CMS1",0.618296204460453,0.714250834634421,0.65962380361792,0.633312202079615,0.001,0.00175358851674641
"GSM523346_ColonCa_Seria10_P22.CEL","CMS3",0.695921420373454,0.656289731325762,0.585286915677427,0.736596732621078,0.001,0.00175358851674641
"GSM523347_ColonCa_Seria10_P28C.CEL","CMS3",0.731213583497946,0.683162999395223,0.62925271256751,0.739038346807337,0.001,0.00175358851674641
"GSM523348_ColonCa_Seria10_P31.CEL","CMS3",0.725042321184361,0.660689738237519,0.645353075145684,0.770151608678113,0.004995004995005,0.00753361864472976
"GSM523349_ColonCa_Seria11_16A.CEL",NA,0.676383185330097,0.715027279546279,0.666240298458893,0.657146407017136,0.194805194805195,0.237196358458817
"GSM523350_ColonCa_Seria11_16B1.CEL","CMS4",0.64771960680658,0.747963413004024,0.721692178566399,0.528744652426141,0.001,0.00175358851674641
"GSM523351_ColonCa_Seria11_20B1.CEL","CMS1",0.574262825496541,0.763544572614161,0.675896571799631,0.621837367031586,0.001,0.00175358851674641
"GSM523352_ColonCa_Seria11_31IIB1.CEL","CMS3",0.669764068941852,0.71405149281134,0.57229001725135,0.718487788198351,0.001,0.00175358851674641
"GSM523353_ColonCa_Seria11_39P1.CEL","CMS3",0.668621671274987,0.691966627065629,0.587323536809635,0.778013560840024,0.001,0.00175358851674641
"GSM523354_ColonCa_Seria11_40P.CEL","CMS2",0.70539850859577,0.643547741224888,0.650251338714794,0.73103564781563,0.001,0.00175358851674641
"GSM523355_ColonCa_Seria11_P33.CEL","CMS3",0.701702662881412,0.703931032848878,0.624370299580915,0.730598870763788,0.001998001998002,0.00325452325452325
"GSM523356_ColonCa_Seria11_P38.CEL","CMS3",0.712354973748193,0.676182651908319,0.617227961169538,0.759217689842944,0.002997002997003,0.00473448964828275
"GSM523357_ColonCa_Seria12_19B2_2.CEL","CMS4",0.650838340287037,0.718541508990456,0.730338886068057,0.547213801660295,0.001,0.00175358851674641
"GSM523358_ColonCa_Seria12_21A.CEL",NA,0.663211391607929,0.720425077833701,0.678877237260284,0.706396854897129,0.047952047952048,0.0635603094915934
"GSM523359_ColonCa_Seria12_21B1_2.CEL","CMS4",0.654777268336039,0.722847032600423,0.739214231240125,0.586413490016542,0.001,0.00175358851674641
"GSM523360_ColonCa_Seria12_9K.CEL","CMS3",0.704741105048542,0.698556306308629,0.633826701755565,0.709496219763039,0.001,0.00175358851674641
"GSM523361_ColonCa_Seria12_P23.CEL","CMS3",0.680979953421825,0.685083244245367,0.592976702063641,0.707290704877874,0.001,0.00175358851674641
"GSM523362_ColonCa_Seria12_P32A.CEL","CMS3",0.707365358471394,0.669804051252975,0.551774772546795,0.79516494864099,0.001,0.00175358851674641
"GSM523363_ColonCa_Seria12_P34.CEL","CMS2",0.680586205482854,0.655093114061968,0.695682154821939,0.754433718008192,0.004995004995005,0.00753361864472976
"GSM523364_ColonCa_Seria13_12A.CEL","CMS4",0.709746305347001,0.717417072524212,0.667372888911863,0.638440481479221,0.00599400599400599,0.00891198051441459
"GSM523365_ColonCa_Seria13_25B1N.CEL","CMS3",0.668847589730076,0.717941081277057,0.617074497101912,0.641545199538115,0.001,0.00175358851674641
"GSM523366_ColonCa_Seria13_37B.CEL","CMS4",0.662624245828154,0.69803409001843,0.71438051189857,0.438218845575186,0.001,0.00175358851674641
"GSM523367_ColonCa_Seria13_41P.CEL","CMS3",0.688763550113445,0.705852849345374,0.590165469122196,0.78466975569338,0.001,0.00175358851674641
"GSM523368_ColonCa_Seria13_47BIV1.CEL","CMS4",0.713775861324628,0.652781115840132,0.76990188021561,0.650222844081551,0.028971028971029,0.0393984494170023
"GSM523369_ColonCa_Seria13_4K.CEL","CMS3",0.704852720952369,0.715431559044695,0.668940275115418,0.764001039667073,0.014985014985015,0.021245678885911
"GSM523370_ColonCa_Seria14_1B2.CEL","CMS4",0.663182598094964,0.688428795330366,0.716685022184859,0.482483865685951,0.001,0.00175358851674641
"GSM523371_ColonCa_Seria14_28B1.CEL",NA,0.722221396151346,0.668923414158336,0.734666716018417,0.789119332219394,0.217782217782218,0.262989070237835
"GSM523372_ColonCa_Seria14_35B2.CEL","CMS2",0.708056852621263,0.638021365101118,0.748177613157295,0.715461788654702,0.00699300699300699,0.0102722928374231
"GSM523373_ColonCa_Seria14_3K.CEL",NA,0.747710409692812,0.70434918743931,0.669670380426656,0.722935354738937,0.298701298701299,0.351441495903775
"GSM523374_ColonCa_Seria14_42P.CEL",NA,0.67379469810114,0.676288585267861,0.677187793286444,0.702270788976559,0.042957042957043,0.0572500227045682
"GSM523375_ColonCa_Seria14_45P.CEL","CMS3",0.737350286782209,0.683998945133477,0.636841662664773,0.815817864365483,0.001,0.00175358851674641
"GSM523376_ColonCa_Seria14_47P.CEL","CMS3",0.721377998630534,0.67770533870712,0.581561226839969,0.760333453348184,0.001,0.00175358851674641
"GSM523377_ColonCa_Seria14_48A.CEL","CMS3",0.695791603550666,0.688461880646273,0.609757308776047,0.647832161148963,0.001,0.00175358851674641
"GSM523378_ColonCa_Seria15_26B2.CEL","CMS4",0.671235615146921,0.692050888592588,0.667990748422165,0.514727976552192,0.001,0.00175358851674641
"GSM523379_ColonCa_Seria15_2B2D.CEL","CMS1",0.638274041099543,0.707317641860108,0.683456695835856,0.701603502428495,0.001998001998002,0.00325452325452325
"GSM523380_ColonCa_Seria15_39B2.CEL","CMS2",0.72920011143672,0.609588764555953,0.769395281138401,0.718019945583063,0.001,0.00175358851674641
"GSM523381_ColonCa_Seria15_48P.CEL","CMS3",0.67650074087794,0.726720130410774,0.629745912823038,0.719240322544061,0.001,0.00175358851674641
"GSM523382_ColonCa_Seria15_8A.CEL","CMS3",0.695493400839317,0.702436123771857,0.650508592255846,0.694325314060145,0.00699300699300699,0.0102722928374231
"GSM523383_ColonCa_Seria15_P27.CEL","CMS1",0.654543736592042,0.762557738773439,0.675910713348022,0.662809079025282,0.017982017982018,0.0251542350778992
"GSM523384_ColonCa_Seria15_P3.CEL","CMS3",0.709873029559307,0.670436546519602,0.596494342359095,0.709937746066385,0.001,0.00175358851674641
"GSM523385_ColonCa_Seria15_P35.CEL",NA,0.674889266910617,0.659044632841802,0.693724055478497,0.71403597510761,0.2997002997003,0.351488511488512
"GSM523386_ColonCa_Seria17_49P.CEL","CMS3",0.640455230123995,0.7015498546095,0.60744587585191,0.784537809778069,0.001,0.00175358851674641
"GSM560745.CEL",NA,0.683952179809255,0.783254283811908,0.726964948761423,0.797099813843431,0.84015984015984,0.90298704228323
"GSM560746.CEL","CMS1",0.656960219360143,0.764296359458165,0.713608959951856,0.765453301621327,0.021978021978022,0.0303960190752644
"GSM560747.CEL",NA,0.670302050175684,0.769115684937255,0.783940791146172,0.746934348308181,0.228771228771229,0.275804787317945
"GSM560748.CEL","CMS1",0.651800799218574,0.765141401893819,0.772751871438056,0.716238374445214,0.004995004995005,0.00753361864472976
"GSM588828.CEL","CMS2",0.710597510289312,0.677675393869588,0.689161626128714,0.791911530131128,0.001,0.00175358851674641
"GSM588829.CEL","CMS2",0.72195216306301,0.64454091475183,0.742695146441964,0.755270089060731,0.001,0.00175358851674641
"GSM588830.CEL","CMS2",0.708844594005991,0.639964577369387,0.706020811616389,0.716238902665401,0.001,0.00175358851674641
"GSM588831.CEL","CMS3",0.663451614295366,0.790458620021866,0.629143967465046,0.809228723134857,0.002997002997003,0.00473448964828275
"GSM588832.CEL","CMS3",0.687394659961115,0.767653756413521,0.658514543224623,0.830783447320711,0.002997002997003,0.00473448964828275
"GSM588833.CEL","CMS3",0.665954673842377,0.727240745642837,0.657675753243689,0.779938081197982,0.001,0.00175358851674641
"GSM588834.CEL","CMS4",0.654350288870044,0.718593870336895,0.671692859373515,0.549738515768257,0.001,0.00175358851674641
"GSM588835.CEL","CMS2",0.728171781263305,0.662168074145311,0.753658430953868,0.73398327120721,0.001,0.00175358851674641
"GSM588836.CEL","CMS3",0.649879955441106,0.781309129586904,0.639974465124858,0.643722254901055,0.001998001998002,0.00325452325452325
"GSM588837.CEL","CMS2",0.711571484863516,0.67015626023242,0.684997958788584,0.732824265694519,0.001998001998002,0.00325452325452325
"GSM588838.CEL","CMS2",0.724994984295995,0.65229712940181,0.711825902857046,0.705379802965224,0.001,0.00175358851674641
"GSM588839.CEL","CMS2",0.711969417952745,0.674812220231324,0.76504305369161,0.721783119843586,0.003996003996004,0.00617947453390491
"GSM588840.CEL","CMS2",0.701239604764061,0.644938014225423,0.703178204322684,0.747637352982438,0.001,0.00175358851674641
"GSM588841.CEL","CMS1",0.618349529715864,0.709880309974233,0.713543034636699,0.751055378225756,0.001,0.00175358851674641
"GSM588842.CEL","CMS2",0.673340181963782,0.652887680625707,0.781441379117031,0.66978173678295,0.00599400599400599,0.00891198051441459
"GSM588843.CEL",NA,0.689115652019815,0.663919087352326,0.704453798061375,0.753078973541516,0.1998001998002,0.241672518900242
"GSM588844.CEL",NA,0.702966156658662,0.748469554254504,0.778521646494552,0.741536735074822,0.352647352647353,0.407713737366734
"GSM588845.CEL","CMS2",0.778123521090051,0.633027295659684,0.795291966263758,0.700732807920195,0.001998001998002,0.00325452325452325
"GSM588846.CEL","CMS4",0.653020718274122,0.755779254347352,0.754688425885761,0.592817409325154,0.001,0.00175358851674641
"GSM588847.CEL","CMS4",0.657328446081897,0.731192785631828,0.741803249933543,0.504451240965081,0.001,0.00175358851674641
"GSM588848.CEL","CMS4",0.693677608480288,0.77598235845876,0.770477017082803,0.606159870495025,0.001,0.00175358851674641
"GSM588849.CEL","CMS1",0.643888867179312,0.694339819475207,0.739101425138448,0.679238961715822,0.00599400599400599,0.00891198051441459
"GSM588850.CEL","CMS2",0.731144105097093,0.638317739272039,0.770755818996665,0.729346379232833,0.001,0.00175358851674641
"GSM588851.CEL","CMS4",0.650893776438404,0.79551980854596,0.666502884145315,0.622049701348623,0.001,0.00175358851674641
"GSM588852.CEL","CMS4",0.647208137679803,0.735616959054316,0.746202408700648,0.551329164663385,0.001,0.00175358851674641
"GSM588853.CEL",NA,0.720649650448728,0.678558645193178,0.759815971542779,0.780887731000536,0.271728271728272,0.322814948422728
"GSM588854.CEL",NA,0.694131429198763,0.678366328248542,0.791129611632785,0.673309361394643,0.140859140859141,0.175893952725299
"GSM588855.CEL","CMS4",0.677924676433555,0.732730374727314,0.748277992775075,0.501325040797922,0.001,0.00175358851674641
"GSM588856.CEL","CMS4",0.669074188688953,0.783283698736762,0.649162636883223,0.561825673384002,0.001,0.00175358851674641
"GSM588857.CEL",NA,0.693048002850072,0.647769857597655,0.726812293357189,0.635780954674496,0.106893106893107,0.136265473656778
"GSM588858.CEL","CMS4",0.65236223885331,0.669528279016731,0.729308597781833,0.615163323728565,0.004995004995005,0.00753361864472976
"GSM588859.CEL","CMS4",0.706878998704078,0.682859731376651,0.783717013926769,0.634609312212827,0.001,0.00175358851674641
"GSM588860.CEL",NA,0.697382625752883,0.692697325476258,0.703638541724278,0.686773341253609,0.993006993006993,1
"GSM588861.CEL",NA,0.697465366814967,0.722364847851799,0.710014174551889,0.741267503795437,1,1
"GSM588862.CEL","CMS4",0.700773023582064,0.689970924150995,0.768736015247698,0.651344782766866,0.001,0.00175358851674641
"GSM588863.CEL","CMS1",0.647643411251933,0.720089118366322,0.668611495594648,0.655895445853294,0.001,0.00175358851674641
"GSM588864.CEL","CMS3",0.700822305943902,0.733007901995266,0.675279457229693,0.74379587701393,0.003996003996004,0.00617947453390491
"GSM588865.CEL",NA,0.718573128428316,0.714231806313512,0.701539825905671,0.709686780815053,0.198801198801199,0.240861617721122
"GSM588866.CEL","CMS3",0.716896014663844,0.723119232498931,0.688800651967347,0.706086198840164,0.01998001998002,0.0277374141010505
"GSM588867.CEL",NA,0.711882390958264,0.727112669474398,0.675279573606364,0.731813235218382,0.126873126873127,0.159243154106168
"GSM588868.CEL","CMS4",0.692358911126843,0.754006321035774,0.716077829595676,0.622750563543799,0.001,0.00175358851674641
"GSM588869.CEL","CMS4",0.688037618998858,0.718537873583313,0.70763840753959,0.616560565493431,0.001,0.00175358851674641
"GSM588870.CEL","CMS4",0.702135221970565,0.727482441857278,0.666834410535341,0.599373184920667,0.001,0.00175358851674641
"GSM588871.CEL","CMS4",0.664711745386436,0.750356336126423,0.717957201828198,0.530363955455072,0.001,0.00175358851674641
"GSM588872.CEL","CMS4",0.653166042019186,0.764090180274564,0.746226048291515,0.523452704754889,0.001,0.00175358851674641
"GSM588873.CEL","CMS1",0.687805308512445,0.720554532009149,0.68891667667041,0.734762346867488,0.032967032967033,0.0443391470914407
"GSM588874.CEL","CMS4",0.722082562405625,0.719424743204612,0.709903450326874,0.681820681360566,0.003996003996004,0.00617947453390491
"GSM588875.CEL","CMS4",0.720162500618763,0.734625705549478,0.695467220015349,0.672417288742197,0.004995004995005,0.00753361864472976
"GSM588876.CEL","CMS4",0.715138039611993,0.724223658341679,0.695423210357082,0.59056390579331,0.001,0.00175358851674641
"GSM588877.CEL",NA,0.722916840443424,0.693814568491901,0.688092631300711,0.702763760306916,0.45954045954046,0.523048380191237
"GSM588878.CEL","CMS4",0.718696168420883,0.711289686210337,0.674496638696587,0.649131801968296,0.003996003996004,0.00617947453390491
"GSM588879.CEL","CMS4",0.695444032392793,0.735253073749157,0.700215406101165,0.521506514472317,0.001,0.00175358851674641
"GSM588880.CEL","CMS4",0.652291707894781,0.730954707331168,0.687323028250985,0.535422033007027,0.001,0.00175358851674641
"GSM588881.CEL","CMS4",0.712947008352562,0.732933828374533,0.730783468248697,0.495537486055947,0.001,0.00175358851674641
"GSM588882.CEL",NA,0.722612518888345,0.731548998101829,0.684446915128697,0.678295895127436,0.0539460539460539,0.0709918447799956
"GSM588883.CEL","CMS4",0.701864832914376,0.730861618702536,0.702608015638213,0.503287228934234,0.001,0.00175358851674641
"GSM588884.CEL","CMS4",0.716992270132326,0.749903719871582,0.648399347113898,0.646495098265468,0.001,0.00175358851674641
"GSM588885.CEL","CMS3",0.714986726795591,0.741684749119411,0.603579354989434,0.711167057268795,0.001,0.00175358851674641
"GSM588886.CEL","CMS3",0.758686041449933,0.713114283106435,0.664215619514726,0.729895880106053,0.001,0.00175358851674641
"GSM820048.CEL","CMS4",0.73910996764501,0.66675127685221,0.734967124592656,0.590446188742542,0.001,0.00175358851674641
"GSM820049.CEL","CMS2",0.745092752705063,0.629915077544345,0.757302919421155,0.701013087739112,0.001,0.00175358851674641
"GSM820050.CEL","CMS1",0.611782624292626,0.819822545571875,0.66265840381946,0.728374481084474,0.001,0.00175358851674641
"GSM820051.CEL","CMS1",0.626671078221635,0.813105474821954,0.674016543367599,0.698334329534238,0.001,0.00175358851674641
"GSM820052.CEL","CMS2",0.766721401571232,0.61633629074046,0.771425554885085,0.700391442683501,0.001,0.00175358851674641
"GSM820053.CEL","CMS2",0.686890697233707,0.677116497240979,0.776945866490438,0.693765963596099,0.001998001998002,0.00325452325452325
"GSM820054.CEL","CMS4",0.749670433065469,0.648595983409975,0.733519232067055,0.639023381621615,0.001,0.00175358851674641
"GSM820055.CEL","CMS1",0.568782665150024,0.80187427712884,0.710554810647477,0.668074499083831,0.001,0.00175358851674641
"GSM820056.CEL","CMS1",0.602950662042225,0.819078128471964,0.731966988031829,0.679091343474564,0.001,0.00175358851674641
"GSM820057.CEL","CMS4",0.723012937094349,0.692389072097613,0.777771704799034,0.63494284122554,0.001,0.00175358851674641
"GSM820058.CEL","CMS2",0.767650569597655,0.672354988741675,0.722607806427329,0.700404882503708,0.001998001998002,0.00325452325452325
"GSM820059.CEL","CMS4",0.656081683015083,0.789771195261278,0.723721427267947,0.52672675454722,0.001,0.00175358851674641
"GSM820060.CEL","CMS1",0.597569561100403,0.819644987396073,0.765879330455211,0.659111216658294,0.001,0.00175358851674641
"GSM820061.CEL","CMS4",0.694485423922771,0.713478926612972,0.782254631065915,0.514780210548624,0.001,0.00175358851674641
"GSM820062.CEL","CMS2",0.783437350868759,0.662034247709467,0.744336682685969,0.768617441212489,0.001,0.00175358851674641
"GSM820063.CEL","CMS1",0.607508811276337,0.797669688911538,0.715565589260525,0.79794074407078,0.001,0.00175358851674641
"GSM820064.CEL","CMS2",0.717265367730928,0.655717258196342,0.750039131615626,0.716376831699927,0.001,0.00175358851674641
"GSM820065.CEL","CMS4",0.741219539926392,0.687331552356662,0.722336394662792,0.642263409383515,0.001,0.00175358851674641
"GSM820066.CEL","CMS3",0.695638940149741,0.746853588225871,0.663586564944678,0.783723847616333,0.001,0.00175358851674641
"GSM820067.CEL","CMS1",0.599634566805023,0.796956636240956,0.690417312321541,0.621021797952166,0.001,0.00175358851674641
"GSM820068.CEL","CMS1",0.592226769897468,0.801559121226843,0.724355751280232,0.732109904864324,0.001,0.00175358851674641
"GSM820069.CEL","CMS3",0.735152568655059,0.715843631018936,0.638858268492899,0.821537247014971,0.001,0.00175358851674641
"GSM820070.CEL","CMS2",0.742327077687803,0.607900067580597,0.769167669152696,0.744855350553715,0.001,0.00175358851674641
"GSM820071.CEL","CMS4",0.682231518407928,0.77664222752927,0.793188298229994,0.643988717489059,0.001,0.00175358851674641
"GSM820072.CEL","CMS4",0.660676152809473,0.792254011899393,0.736560254858114,0.487304345099376,0.001,0.00175358851674641
"GSM820073.CEL","CMS2",0.758261150153396,0.634760797384366,0.724003224634345,0.738567421307913,0.001,0.00175358851674641
"GSM820074.CEL","CMS4",0.694655239634125,0.67394275480214,0.790696326350468,0.598877487242632,0.001,0.00175358851674641
"GSM820075.CEL","CMS1",0.593791417987205,0.789015939442328,0.754244893344883,0.649451894893902,0.001,0.00175358851674641
"GSM820076.CEL","CMS4",0.606835323152086,0.800765514459361,0.783699559120204,0.53132055407601,0.001,0.00175358851674641
"GSM820077.CEL","CMS4",0.690008489823985,0.690409845283213,0.750351526379344,0.489973837074413,0.001,0.00175358851674641
"GSM820078.CEL","CMS2",0.754851366403822,0.625080044069665,0.799280755794146,0.652782464599093,0.001,0.00175358851674641
"GSM820079.CEL","CMS2",0.708993255546076,0.640461752561862,0.660812936737538,0.799061967031991,0.001,0.00175358851674641
"GSM820080.CEL","CMS1",0.611059184226491,0.821895655408114,0.692985933212931,0.74592911910599,0.001,0.00175358851674641
"GSM820081.CEL","CMS4",0.761413014932184,0.660048764917991,0.74415914820424,0.576017488883422,0.001,0.00175358851674641
"GSM820082.CEL","CMS1",0.672507512979959,0.762654015625998,0.727543828138477,0.80399787791408,0.010989010989011,0.0158250394006779
"GSM820083.CEL","CMS4",0.634411863747229,0.752945709384652,0.739515861141035,0.481250186192933,0.001,0.00175358851674641
"GSM820084.CEL","CMS2",0.773139828467386,0.619321469227208,0.74357605644862,0.630664746584809,0.001,0.00175358851674641
"GSM820085.CEL","CMS4",0.758830101137801,0.624933906544648,0.702763953594467,0.600006941267148,0.001,0.00175358851674641
"GSM820086.CEL","CMS2",0.797714717433383,0.605681097042818,0.764997253799643,0.70862108784343,0.001,0.00175358851674641
"GSM820087.CEL","CMS4",0.728983956081182,0.649434772923524,0.716060121843917,0.594002003268058,0.001,0.00175358851674641
"GSM820088.CEL","CMS4",0.712134448600182,0.705746439540339,0.740417640281485,0.551512175429907,0.001,0.00175358851674641
"GSM820089.CEL","CMS2",0.770207557491689,0.629299827108218,0.769911267644511,0.675362864058521,0.001,0.00175358851674641
"GSM820090.CEL","CMS4",0.626250851577448,0.789940919271608,0.704234633557716,0.500541771972107,0.001,0.00175358851674641
"GSM820091.CEL","CMS4",0.627218165172451,0.765831073634769,0.690699593589025,0.580868680838345,0.001,0.00175358851674641
"GSM820092.CEL","CMS3",0.658054959419951,0.770962854140283,0.628098298537838,0.637259253663094,0.001,0.00175358851674641
"GSM820093.CEL","CMS2",0.752226206903112,0.643242235053,0.789679141920748,0.703565136982372,0.001,0.00175358851674641
"GSM820094.CEL","CMS4",0.758090183571425,0.663020250242197,0.772247682702011,0.531333799277383,0.001,0.00175358851674641
"GSM820095.CEL","CMS2",0.765511567081356,0.603942610200722,0.716596113175256,0.701238483262733,0.001,0.00175358851674641
"GSM820096.CEL","CMS4",0.608509210734805,0.799268581263796,0.701181807604906,0.578241498785087,0.001,0.00175358851674641
"GSM820097.CEL","CMS4",0.68760072544568,0.740877619098127,0.760624664133804,0.607906784238213,0.001,0.00175358851674641
"GSM820098.CEL","CMS1",0.571090330727176,0.809938392647824,0.739406852841424,0.66881857596688,0.001,0.00175358851674641
"GSM820099.CEL","CMS4",0.653512971127541,0.820651175828427,0.717243285242998,0.611205853307342,0.001,0.00175358851674641
"GSM820100.CEL","CMS4",0.729493690290939,0.706661684323247,0.766858031817917,0.579812782407485,0.001,0.00175358851674641
"GSM820101.CEL",NA,0.739708095445073,0.715981204752771,0.70858934166379,0.781644824308184,0.507492507492508,0.572295396910782
"GSM820102.CEL","CMS4",0.68185606669882,0.788789501196727,0.716266272678429,0.559521171485811,0.001,0.00175358851674641
"GSM820103.CEL","CMS2",0.785270463834149,0.642819079879941,0.787800740210698,0.748779063221666,0.001,0.00175358851674641
"GSM820104.CEL","CMS4",0.633951853373509,0.778126268904319,0.746003048273061,0.527990361297409,0.001,0.00175358851674641
"GSM820105.CEL","CMS1",0.612869479901836,0.823618672574597,0.767339591881978,0.77937707826871,0.001,0.00175358851674641
"GSM820106.CEL","CMS3",0.732001460108465,0.763191430625266,0.621098403297966,0.803744351425114,0.001,0.00175358851674641
"GSM820107.CEL","CMS3",0.653546470613835,0.777098040066264,0.631990113448681,0.643221031144217,0.001,0.00175358851674641
"GSM820108.CEL","CMS4",0.769883924018189,0.639010442748883,0.80057190456939,0.60268940776085,0.001,0.00175358851674641
"GSM820109.CEL","CMS4",0.750074392385874,0.714106407573147,0.789254932113764,0.521706621647584,0.001,0.00175358851674641
"GSM820110.CEL","CMS3",0.674846776311396,0.759637643970014,0.609120464761526,0.659850999090204,0.001,0.00175358851674641
"GSM820111.CEL","CMS2",0.768762741021223,0.636783620302003,0.774826456617729,0.741345973203753,0.001,0.00175358851674641
"GSM820112.CEL","CMS4",0.675487845101848,0.782270801789505,0.708195260172159,0.513605323764261,0.001,0.00175358851674641
"GSM820113.CEL","CMS2",0.797159153281523,0.606136508356394,0.780127437489795,0.731257511385355,0.001,0.00175358851674641
"GSM820114.CEL","CMS1",0.648386275859375,0.731605500257783,0.701902286223762,0.684532434826932,0.001,0.00175358851674641
"GSM820115.CEL","CMS2",0.806836977643786,0.630878371652569,0.752910169978244,0.746576572275517,0.001,0.00175358851674641
"GSM820116.CEL","CMS1",0.679261196168214,0.773507151413549,0.716056914161339,0.712906528947296,0.00599400599400599,0.00891198051441459
"GSM820117.CEL","CMS4",0.68480532963802,0.676330365968749,0.757644027349242,0.540597361883733,0.001,0.00175358851674641
"GSM820118.CEL","CMS1",0.635958491719622,0.826828209204954,0.708546403789952,0.734928504104764,0.001,0.00175358851674641
"GSM820119.CEL","CMS1",0.598093695485395,0.772485790894974,0.70475818666101,0.612321235633371,0.001,0.00175358851674641
"GSM820120.CEL","CMS2",0.748152948521681,0.653590740419338,0.741216048338697,0.769540786488841,0.001,0.00175358851674641
"GSM820121.CEL","CMS1",0.595058710389185,0.816403697807952,0.806522229947426,0.639564176102165,0.001,0.00175358851674641
"GSM820122.CEL","CMS4",0.612429902171213,0.76485859451411,0.790948162585566,0.577421121378483,0.001,0.00175358851674641
"GSM820123.CEL","CMS4",0.729063334167648,0.669561419626542,0.761149844067993,0.600849669952173,0.001,0.00175358851674641
"GSM820124.CEL","CMS4",0.709644169857679,0.699021207232241,0.737475936258651,0.649635870996346,0.001,0.00175358851674641
"GSM820125.CEL","CMS4",0.698224139528957,0.649055630451778,0.737173558080438,0.603562037579783,0.001,0.00175358851674641
"GSM820126.CEL","CMS1",0.672996210387984,0.821897757049476,0.8305008601947,0.707940539559617,0.012987012987013,0.0184844281931661
"GSM820127.CEL","CMS4",0.710582500610638,0.698302310237328,0.758064156111038,0.524741696124287,0.001,0.00175358851674641
"GSM820128.CEL","CMS1",0.635330394191373,0.812142581363756,0.745720947727071,0.682617701720675,0.001,0.00175358851674641
"GSM820129.CEL","CMS4",0.744186619191652,0.614546211497895,0.729609105249853,0.595276310546387,0.001,0.00175358851674641
"GSM820130.CEL","CMS4",0.694219671282724,0.667067558121741,0.775867769665468,0.605678852969849,0.001,0.00175358851674641
"GSM820131.CEL","CMS4",0.589642022593469,0.784406530659215,0.68355233642796,0.579693766649545,0.001,0.00175358851674641
"GSM820132.CEL","CMS2",0.782693380196342,0.599483709844957,0.765631000205195,0.716534746671306,0.001,0.00175358851674641
"GSM820133.CEL","CMS4",0.756772546007381,0.692264186296245,0.779687857230769,0.563712088297344,0.001,0.00175358851674641
"GSM820134.CEL","CMS1",0.617049361430663,0.803691301138443,0.640635128677547,0.749148484325081,0.001,0.00175358851674641
"GSM820135.CEL","CMS1",0.560663102263995,0.784100254299928,0.752897117184792,0.592229687842662,0.001,0.00175358851674641
"GSM820136.CEL","CMS4",0.683391882932023,0.68609435293249,0.719188521092816,0.561474336533652,0.001,0.00175358851674641
"GSM820137.CEL","CMS2",0.782417872955658,0.618193555094394,0.796168815573157,0.755987733795086,0.001,0.00175358851674641
"GSM916687_AH1.CEL","CMS3",0.777815791397692,0.721864629029311,0.658294446239923,0.863665433922198,0.001,0.00175358851674641
"GSM916688_AH10.CEL","CMS3",0.724856844954593,0.73497603437226,0.640947115439975,0.814069379742391,0.003996003996004,0.00617947453390491
"GSM916689_AH11.CEL","CMS3",0.722624600827041,0.668432219639859,0.587635928432281,0.828392519331168,0.001,0.00175358851674641
"GSM916690_AH12.CEL","CMS3",0.748385858427145,0.693251976557079,0.639515919014314,0.816332618221271,0.001,0.00175358851674641
"GSM916691_AH13.CEL","CMS4",0.616770627283483,0.748663374804942,0.669064263825988,0.55425678329599,0.001,0.00175358851674641
"GSM916692_AH2.CEL","CMS3",0.70640360884236,0.697801993481041,0.563321736133235,0.780591298063732,0.001,0.00175358851674641
"GSM916693_AH3.CEL","CMS2",0.751829471996048,0.564801353551676,0.734170989850125,0.773168243710758,0.001,0.00175358851674641
"GSM916694_AH4.CEL","CMS3",0.701760144879144,0.719085360557975,0.581376169532206,0.853890005694356,0.001,0.00175358851674641
"GSM916695_AH5.CEL","CMS3",0.713710665398568,0.666546689871089,0.631971748141623,0.755517721416414,0.001,0.00175358851674641
"GSM916696_AH6.CEL","CMS3",0.687572212321745,0.73371348691268,0.622671866786975,0.841565729785132,0.001,0.00175358851674641
"GSM916697_AH7.CEL","CMS3",0.68857630949299,0.72966435308971,0.582737496143591,0.836897858811854,0.001,0.00175358851674641
"GSM916698_AH8.CEL","CMS3",0.7160890304211,0.695871971577627,0.659671949739008,0.725414964722302,0.001,0.00175358851674641
"GSM916699_AH9.CEL","CMS3",0.663499498343835,0.735608337353029,0.629473778897729,0.63472944258808,0.001,0.00175358851674641
"GSM916700_AL1.CEL","CMS1",0.606544885836739,0.727199034749955,0.616110679958257,0.760783412429044,0.001,0.00175358851674641
"GSM916701_AL10.CEL","CMS3",0.630066962812329,0.740092817053726,0.612592617131378,0.800090005828727,0.001,0.00175358851674641
"GSM916702_AL11.CEL","CMS4",0.624787510307092,0.744762492184777,0.675737787390678,0.606398858478975,0.001,0.00175358851674641
"GSM916703_AL12.CEL","CMS3",0.709677873992626,0.680876234381753,0.597870077990784,0.813904784824335,0.001,0.00175358851674641
"GSM916704_AL13.CEL","CMS3",0.778364104525195,0.667307388110573,0.618942952722968,0.759781889713502,0.001,0.00175358851674641
"GSM916705_AL14.CEL","CMS3",0.714136070190513,0.699789804284874,0.591874828758118,0.85234493738609,0.001,0.00175358851674641
"GSM916706_AL15.CEL","CMS3",0.657989642743969,0.735085867347147,0.628451142440195,0.817706100824661,0.001,0.00175358851674641
"GSM916707_AL16.CEL","CMS3",0.729529761515856,0.665184215398733,0.629667078319723,0.794342526884297,0.001,0.00175358851674641
"GSM916708_AL2.CEL","CMS3",0.72045638820102,0.705230195440579,0.586691741971848,0.79478981513621,0.001,0.00175358851674641
"GSM916709_AL3.CEL","CMS3",0.726479773204777,0.689748614487663,0.600190388561258,0.815848503803153,0.001,0.00175358851674641
"GSM916710_AL4.CEL","CMS3",0.671591736292904,0.682423397117935,0.606816216945991,0.819105362148354,0.001,0.00175358851674641
"GSM916711_AL5.CEL","CMS3",0.708885258127396,0.670910369601295,0.643912967165593,0.798471492649406,0.00699300699300699,0.0102722928374231
"GSM916712_AL6.CEL","CMS3",0.766279897953512,0.649970570188319,0.619459074488542,0.821206008739171,0.001,0.00175358851674641
"GSM916713_AL7.CEL","CMS3",0.761794858270051,0.684938507561369,0.599712290826755,0.845214992052773,0.001,0.00175358851674641
"GSM916714_AL8.CEL","CMS2",0.774034824647985,0.628526415254038,0.731431777158431,0.840837795224545,0.001,0.00175358851674641
"GSM916715_AL9.CEL","CMS3",0.714042820195928,0.698110782015338,0.592713848869278,0.800541235343879,0.001,0.00175358851674641
"GSM916716_CRC_AB1.CEL","CMS2",0.743411482739552,0.643554151900872,0.795764232963166,0.696732814758591,0.001,0.00175358851674641
"GSM916717_CRC_AB10.CEL","CMS2",0.666805417642096,0.605925444659725,0.691902877404912,0.666509985018147,0.001,0.00175358851674641
"GSM916718_CRC_AB11.CEL","CMS2",0.656442845614088,0.595453071802096,0.646741425133299,0.636679854115194,0.001,0.00175358851674641
"GSM916719_CRC_AB12.CEL","CMS4",0.7048289173172,0.647176721637326,0.798933589302724,0.564982283551965,0.001,0.00175358851674641
"GSM916720_CRC_AB13.CEL","CMS1",0.606410002188801,0.823902731452142,0.692875578844631,0.695633687115406,0.001,0.00175358851674641
"GSM916721_CRC_AB14.CEL","CMS3",0.692769563096875,0.685029467333669,0.594501058221766,0.740373479691017,0.001,0.00175358851674641
"GSM916722_CRC_AB2.CEL","CMS3",0.699651968056303,0.720771195388588,0.594815099103306,0.768974755136995,0.001,0.00175358851674641
"GSM916723_CRC_AB3.CEL","CMS4",0.657082108280335,0.69064616529789,0.694353537399649,0.654379138393216,0.001,0.00175358851674641
"GSM916724_CRC_AB4.CEL","CMS3",0.69634329093,0.721761241712165,0.646546829127648,0.724159677912819,0.001,0.00175358851674641
"GSM916725_CRC_AB5.CEL","CMS1",0.582902679975028,0.795595858248378,0.628153991584363,0.773532676718031,0.001,0.00175358851674641
"GSM916726_CRC_AB6.CEL","CMS1",0.577615301138543,0.82591447629955,0.687769659726084,0.705558525380413,0.001,0.00175358851674641
"GSM916727_CRC_AB7.CEL","CMS1",0.494650514627144,0.786851404093643,0.673605602328208,0.701061220403337,0.001,0.00175358851674641
"GSM916728_CRC_AB8.CEL","CMS4",0.686227918110962,0.680661658093524,0.775819529285856,0.570314740191224,0.001,0.00175358851674641
"GSM916729_CRC_AB9.CEL","CMS4",0.698180696998548,0.682561731557945,0.763220096103319,0.434943451143156,0.001,0.00175358851674641
"GSM916730_CRC_CD1.CEL","CMS4",0.63858255532692,0.698269942907538,0.714434621592923,0.56377470807327,0.001,0.00175358851674641
"GSM916731_CRC_CD10.CEL","CMS4",0.691274385632788,0.684358798535405,0.759459164634258,0.465323271859689,0.001,0.00175358851674641
"GSM916732_CRC_CD11.CEL","CMS4",0.593283325835398,0.746209599443904,0.685236771385972,0.588738962532727,0.001,0.00175358851674641
"GSM916733_CRC_CD12.CEL","CMS4",0.645454964761466,0.769954609409098,0.751129513647276,0.492917794276418,0.001,0.00175358851674641
"GSM916734_CRC_CD13.CEL","CMS1",0.604166610275471,0.691243952490363,0.620942580898809,0.748248774551522,0.001,0.00175358851674641
"GSM916735_CRC_CD2.CEL","CMS2",0.729060659493534,0.628373782659991,0.731185167623231,0.695231186334486,0.001,0.00175358851674641
"GSM916736_CRC_CD3.CEL","CMS3",0.679403648111788,0.761349930408879,0.62836471975766,0.816188991152621,0.001,0.00175358851674641
"GSM916737_CRC_CD4.CEL","CMS4",0.600820438963463,0.777371319725208,0.700174281464594,0.567808768467861,0.001,0.00175358851674641
"GSM916738_CRC_CD5.CEL","CMS2",0.748702938169824,0.595697634775284,0.763685859118017,0.600154508445771,0.001,0.00175358851674641
"GSM916739_CRC_CD6.CEL","CMS3",0.660651795892256,0.757766724424431,0.649793103749589,0.650907836057781,0.001,0.00175358851674641
"GSM916740_CRC_CD7.CEL","CMS3",0.698799339431982,0.737891890928598,0.557268643615697,0.828721275115429,0.001,0.00175358851674641
"GSM916741_CRC_CD8.CEL","CMS4",0.68226061111089,0.693161997943763,0.761499406807403,0.611697895376059,0.001,0.00175358851674641
"GSM916742_CRC_CD9.CEL","CMS4",0.637837827111545,0.721333796236714,0.728989897302008,0.516464821881838,0.001,0.00175358851674641
"GSM916743_N1.CEL","CMS4",0.737583162046987,0.732439416493928,0.677180715950325,0.59609966104754,0.001,0.00175358851674641
"GSM916744_N10.CEL","CMS3",0.7107219688054,0.683580316619171,0.639114745889976,0.691068293713027,0.001,0.00175358851674641
"GSM916745_N11.CEL","CMS3",0.744801071156878,0.730236227810594,0.644392061824153,0.779496998793022,0.001,0.00175358851674641
"GSM916746_N12.CEL","CMS3",0.779274886076974,0.705605867049709,0.648906029696738,0.779644661037367,0.001,0.00175358851674641
"GSM916747_N13.CEL",NA,0.700906983429804,0.695140069830716,0.696606198371626,0.756068231889822,0.148851148851149,0.184615722686789
"GSM916748_N14.CEL","CMS3",0.747329144157552,0.699859479162133,0.65109575456876,0.766700806238767,0.001,0.00175358851674641
"GSM916749_N15.CEL","CMS3",0.731558535634333,0.694629994450756,0.634924158288232,0.744730154078829,0.001,0.00175358851674641
"GSM916750_N16.CEL","CMS3",0.756041294001394,0.691759905199122,0.663064740718796,0.727268863186503,0.001,0.00175358851674641
"GSM916751_N17.CEL","CMS3",0.694086105409566,0.69131714062377,0.630194017377046,0.830140449869277,0.001,0.00175358851674641
"GSM916752_N18.CEL","CMS3",0.748534814328726,0.71018181520781,0.628062881613844,0.815661782219178,0.001,0.00175358851674641
"GSM916753_N19.CEL","CMS3",0.746496226074018,0.708871809339365,0.613272421287729,0.741891862278149,0.001,0.00175358851674641
"GSM916754_N2.CEL","CMS3",0.738865987397317,0.696165453486734,0.61386375445025,0.728866341084614,0.001,0.00175358851674641
"GSM916755_N20.CEL","CMS3",0.717353543584664,0.725307405728713,0.637616723659451,0.734034210039606,0.001,0.00175358851674641
"GSM916756_N21.CEL","CMS3",0.742958607101098,0.701447666997725,0.600205245025304,0.74836658090829,0.001,0.00175358851674641
"GSM916757_N22.CEL","CMS3",0.741832954928949,0.712855543289264,0.655558802664694,0.712481473385969,0.001,0.00175358851674641
"GSM916758_N23.CEL","CMS3",0.727841618536149,0.671937628221813,0.660575713039161,0.664527661770099,0.024975024975025,0.0342181183302679
"GSM916759_N24.CEL","CMS3",0.750657077373028,0.692839546844447,0.639347035205794,0.742367619503769,0.001,0.00175358851674641
"GSM916760_N25.CEL","CMS3",0.727887159234222,0.677566150662792,0.621403587700883,0.747073271740103,0.001,0.00175358851674641
"GSM916761_N26.CEL","CMS4",0.72849029459495,0.695538460843383,0.680945212397348,0.66368802607691,0.004995004995005,0.00753361864472976
"GSM916762_N27.CEL","CMS3",0.727590616652347,0.696744756713074,0.671557553560511,0.692437482275759,0.00799200799200799,0.0116002809072116
"GSM916763_N28.CEL","CMS3",0.709880973441055,0.668865131374724,0.655921264032486,0.682554240323724,0.002997002997003,0.00473448964828275
"GSM916764_N29.CEL","CMS3",0.719292157960327,0.697235880834327,0.638128745619262,0.708071652173491,0.001,0.00175358851674641
"GSM916765_N3.CEL","CMS3",0.746922194817829,0.69680400554992,0.643429569284086,0.744117878650109,0.001,0.00175358851674641
"GSM916766_N30.CEL","CMS4",0.725496710984001,0.685172185691697,0.666983360105471,0.656506095008678,0.001998001998002,0.00325452325452325
"GSM916767_N31.CEL","CMS4",0.724791417228599,0.696996802363533,0.670465016828701,0.657634613984323,0.001998001998002,0.00325452325452325
"GSM916768_N32.CEL","CMS3",0.757997774329039,0.694771873010395,0.658070849150932,0.739677106422509,0.001998001998002,0.00325452325452325
"GSM916769_N33.CEL","CMS3",0.721773077924604,0.699168091995724,0.641990858692163,0.694843547710007,0.001,0.00175358851674641
"GSM916770_N34.CEL","CMS3",0.74751541288055,0.674938812072511,0.670653595586708,0.69475574826426,0.013986013986014,0.0198677291700548
"GSM916771_N35.CEL","CMS3",0.713541265406167,0.695970889669879,0.674372642632802,0.690088105142545,0.00799200799200799,0.0116002809072116
"GSM916772_N36.CEL",NA,0.725341863976067,0.698220804845784,0.692503614017266,0.693952554790649,0.338661338661339,0.392162340029639
"GSM916773_N37.CEL","CMS3",0.722581350129594,0.669855175547621,0.668162401143878,0.682467045871078,0.011988011988012,0.0172298289945349
"GSM916774_N38.CEL","CMS3",0.734237451947974,0.686177777195788,0.635675014411576,0.676904610881912,0.001,0.00175358851674641
"GSM916775_N4.CEL","CMS3",0.774076563999463,0.692260109392606,0.637706961917388,0.778170806816654,0.001,0.00175358851674641
"GSM916776_N5.CEL","CMS3",0.629037874759727,0.726535131416655,0.625032650216738,0.634227744970934,0.001,0.00175358851674641
"GSM916777_N6.CEL","CMS3",0.72462906280126,0.681209302733056,0.613523962468966,0.792932021062026,0.001,0.00175358851674641
"GSM916778_N7.CEL","CMS1",0.664142122324715,0.71206515841134,0.66727338120082,0.701671826610975,0.001998001998002,0.00325452325452325
"GSM916779_N8.CEL","CMS3",0.748915482368542,0.701608292780043,0.657780225745051,0.755481853067053,0.001,0.00175358851674641
"GSM916780_N9.CEL","CMS3",0.731583115201715,0.697561742655778,0.664734507049556,0.712957440313559,0.001,0.00175358851674641
"GSM93789.CEL","CMS4",0.661295546620584,0.773334483192855,0.768602300608476,0.564898250432609,0.001,0.00175358851674641
"GSM93920.CEL","CMS4",0.700508760604656,0.706638259100074,0.693755829529836,0.593589328222406,0.001,0.00175358851674641
"GSM93921.CEL","CMS4",0.682084966057089,0.710360039064278,0.694501855485086,0.62402476151558,0.001998001998002,0.00325452325452325
"GSM93922.CEL","CMS4",0.678918522675883,0.741044296514527,0.746260976871618,0.539266039181666,0.001,0.00175358851674641
"GSM93923.CEL","CMS4",0.697717028439303,0.725798351844456,0.719135263264061,0.576826298515312,0.001,0.00175358851674641
"GSM93924.CEL","CMS4",0.694113421362355,0.768344347092341,0.758547975820857,0.528977728126043,0.001,0.00175358851674641
"GSM93925.CEL","CMS4",0.705489162773968,0.767060239223742,0.763542943014999,0.480728512483194,0.001,0.00175358851674641
"GSM93926.CEL","CMS4",0.679657344699284,0.752467959769903,0.743013076562761,0.511487299394943,0.001,0.00175358851674641
"GSM93927.CEL","CMS4",0.657311851536424,0.729622906304115,0.720014151419621,0.656557257629464,0.030969030969031,0.0418824717717707
"GSM93928.CEL","CMS4",0.67369136532201,0.674553461131364,0.682067371332432,0.592023416110337,0.001,0.00175358851674641
"GSM93929.CEL","CMS4",0.64457629299363,0.725559397015598,0.700358777265829,0.510093557641871,0.001,0.00175358851674641
"GSM93932.CEL",NA,0.691662766604583,0.697728792035378,0.679795636610886,0.6496112888894,0.137862137862138,0.172445302138135
"GSM93938.CEL","CMS3",0.698995560628762,0.662118865219433,0.62921253010746,0.724892715524404,0.001998001998002,0.00325452325452325
"GSM93939.CEL",NA,0.71423828538749,0.691235417363634,0.683382907398878,0.73578715666361,0.957042957042957,1
"GSM93941.CEL",NA,0.727682181403152,0.707317871300378,0.686619002605349,0.72677180742191,0.761238761238761,0.831576768983624
"GSM93943.CEL",NA,0.72624536412723,0.697802647008247,0.691463352690625,0.748042016981602,0.624375624375624,0.695543058764943
"GSM93944.CEL",NA,0.733779424566502,0.689447144562935,0.663858116069098,0.798453690156619,0.16983016983017,0.209571573207937
"GSM93946.CEL",NA,0.716985129388237,0.690027865354858,0.68371349759353,0.755961524844095,0.117882117882118,0.148978607599297
"GSM93948.CEL",NA,0.731323381841217,0.691666728523063,0.68386628334206,0.756248934988622,0.995004995004995,1
"GSM93950.CEL",NA,0.705801916824035,0.658782879986575,0.666728917701077,0.728629843250658,0.151848151848152,0.188014688014688
"GSM93952.CEL",NA,0.671870285248025,0.69350239437566,0.692766744500023,0.718194587920007,0.804195804195804,0.87200521372119
"GSM93954.CEL",NA,0.730662785220365,0.720749182407301,0.713403026140204,0.706882760475962,0.998001998001998,1
"GSM95473.CEL",NA,0.732913947563659,0.714945549472283,0.668739070936922,0.738394259180753,0.0579420579420579,0.0761138503073987
"GSM95474.CEL",NA,0.696910859017828,0.691875726164108,0.669118148306987,0.707813278370542,0.27972027972028,0.331235807810929
"GSM95475.CEL","CMS3",0.723893033269719,0.709651903281201,0.661267012722239,0.690578726796466,0.02997002997003,0.0406063437486728
"GSM95476.CEL","CMS3",0.721372516562969,0.723839634510517,0.669118577132363,0.710591284866562,0.032967032967033,0.0443391470914407
"GSM95477.CEL",NA,0.727861957902016,0.716381804334989,0.698730908781768,0.70341521910455,0.572427572427572,0.640594519983833
"GSM95478.CEL",NA,0.702002732597895,0.707591136870822,0.693776909408826,0.671868098613393,0.358641358641359,0.413990733675773
"GSM95479.CEL",NA,0.723932146655616,0.709485877784437,0.672213835642947,0.693613452507111,0.522477522477522,0.587386539840528
"GSM95480.CEL","CMS4",0.699077473015212,0.706328884258586,0.672057365004904,0.659442563273248,0.01998001998002,0.0277374141010505
"GSM95481.CEL","CMS3",0.684340807057822,0.697264842512332,0.612663461310997,0.744082558441038,0.001,0.00175358851674641
"GSM95482.CEL","CMS3",0.665570096062661,0.718678681235287,0.64142066210415,0.73238472842958,0.00699300699300699,0.0102722928374231
"GSM95483.CEL",NA,0.704121147362694,0.661934127151868,0.660107819450627,0.768847075046224,0.142857142857143,0.178085519922255
"GSM95484.CEL",NA,0.665391095166789,0.723106924205692,0.695850859829219,0.688758182182307,0.422577422577423,0.483228160295243
"GSM95485.CEL",NA,0.730943152816563,0.736283795931366,0.701515885803037,0.777476834276061,0.944055944055944,0.992816365843626
"GSM95486.CEL","CMS1",0.648120073553223,0.742458186209891,0.655155247829295,0.777391768338501,0.001,0.00175358851674641
"GSM95487.CEL","CMS3",0.652216510842163,0.715019288429755,0.633533538148669,0.715137407571408,0.001,0.00175358851674641
"GSM95488.CEL","CMS3",0.637717657763915,0.763968642872455,0.626821212220069,0.740781803722616,0.001,0.00175358851674641
"GSM95489.CEL","CMS1",0.622293758367153,0.744923733476177,0.641424382680657,0.753892623234366,0.001,0.00175358851674641
"GSM95490.CEL","CMS1",0.640890215297585,0.758303631867235,0.702795284860014,0.744500796667141,0.002997002997003,0.00473448964828275
"GSM95491.CEL",NA,0.715338787377962,0.671004835141701,0.731937922756798,0.669754723819881,0.262737262737263,0.312640281796126
"GSM95492.CEL","CMS1",0.566857846214513,0.773701990604428,0.648313553427743,0.717428924834722,0.001,0.00175358851674641
"GSM95493.CEL","CMS3",0.665911613201537,0.687838284444053,0.621481464846143,0.703056749472608,0.001,0.00175358851674641
"GSM95494.CEL",NA,0.691103866463304,0.685870207519768,0.665181400174945,0.768673878808558,0.296703296703297,0.349651955761281
"GSM95495.CEL","CMS3",0.713469636776954,0.669916569696848,0.59370553412991,0.768104312455359,0.001,0.00175358851674641
"GSM95496.CEL","CMS1",0.571226506903685,0.780075124538996,0.65955942906247,0.608419216731891,0.001,0.00175358851674641
"GSM95497.CEL","CMS4",0.63766506690014,0.710217008894619,0.680556287944361,0.544458041037516,0.001,0.00175358851674641
"GSM95498.CEL","CMS4",0.69792620277303,0.730257144650683,0.674849884498236,0.651647811567677,0.00799200799200799,0.0116002809072116
"GSM95499.CEL","CMS3",0.713442239362078,0.741022810883894,0.654667117023645,0.668347487934373,0.001,0.00175358851674641
"GSM95500.CEL","CMS4",0.710226596406845,0.736017295255332,0.665579910902256,0.604586068565205,0.001,0.00175358851674641
"GSM95501.CEL","CMS3",0.697557521847895,0.722819915454334,0.661292154865527,0.66469385124942,0.025974025974026,0.0355204496995542
"GSM95502.CEL","CMS1",0.576817234425984,0.753989090626201,0.701954333003217,0.577631345437633,0.001,0.00175358851674641
"GSM95503.CEL",NA,0.683317706436221,0.653221455332199,0.757076741175536,0.668719363272523,0.0529470529470529,0.0698024996586148
"GSM95504.CEL","CMS4",0.629362996886257,0.72228293169176,0.68933871767652,0.527477898422755,0.001,0.00175358851674641
"GSM95505.CEL","CMS4",0.687313407246531,0.703551512923741,0.734859537809666,0.651348075075116,0.002997002997003,0.00473448964828275
"GSM95506.CEL","CMS4",0.702658273738952,0.673778986784852,0.71819870552475,0.642594849820952,0.001,0.00175358851674641
"GSM95507.CEL","CMS4",0.615898997234424,0.728812278535489,0.716560237797452,0.583351691534667,0.001,0.00175358851674641
"GSM95508.CEL","CMS4",0.699490024939026,0.723319308161306,0.657243354553039,0.621955672170851,0.001,0.00175358851674641
"GSM95509.CEL","CMS3",0.723200291248312,0.709669785010577,0.658969074071341,0.742554250134103,0.023976023976024,0.0329726558619617
"GSM95510.CEL","CMS4",0.672130851569033,0.653986652502308,0.783721706281508,0.556871368281429,0.001,0.00175358851674641
